ORIGIN_CITY,DEST_PORT,LH
ABBEVILLE,Savannah,764.22
ABBEVILLE,Memphis,835.0
ABBEVILLE,Shelby,880.0
ANDALUSIA,Savannah,895.62
ANDALUSIA,Memphis,810.0
ANDALUSIA,Shelby,930.0
ATHENS,Savannah,940.32
ATHENS,Memphis,650.0
ATHENS,Shelby,990.0
BELLE MINA,Savannah,940.32
BELLE MINA,Memphis,636.29
BELLE MINA,Shelby,995.0
CENTRE,Savannah,821.4
CENTRE,Memphis,908.52
CENTRE,Shelby,780.0
COURTLAND,Savannah,940.32
COURTLAND,Memphis,625.74
COURTLAND,Shelby,1025.0
DEATSVILLE,Savannah,895.62
DEATSVILLE,Memphis,810.0
DEATSVILLE,Shelby,895.0
DECATUR,Savannah,940.32
DECATUR,Memphis,632.92
DECATUR,Shelby,1020.0
DOTHAN,Savannah,818.75
DOTHAN,Memphis,850.0
DOTHAN,Shelby,975.0
ECLECTIC,Savannah,843.75
ECLECTIC,Memphis,785.0
ECLECTIC,Shelby,875.0
ENTERPRISE,Savannah,818.75
ENTERPRISE,Memphis,860.0
ENTERPRISE,Shelby,1020.0
FLORENCE,Savannah,1002.03
FLORENCE,Memphis,625.0
FLORENCE,Shelby,1065.0
HARTFORD,Savannah,818.75
HARTFORD,Memphis,835.0
HARTFORD,Shelby,1015.0
HEADLAND,Savannah,789.22
HEADLAND,Memphis,1085.0
HEADLAND,Shelby,950.0
HILLSBORO,Savannah,940.32
HILLSBORO,Memphis,639.0
HILLSBORO,Shelby,1005.0
HUNTSVILLE,Savannah,940.32
HUNTSVILLE,Memphis,663.0
LEIGHTON,Savannah,1002.03
LEIGHTON,Memphis,635.0
LEIGHTON,Shelby,1050.0
LOXLEY,Savannah,1004.69
LOXLEY,Memphis,896.0
LOXLEY,Shelby,1095.0
MCCULLOUGH,Savannah,950.15
MCCULLOUGH,Memphis,935.0
MCCULLOUGH,Shelby,1065.0
NEW MARKET,Savannah,940.32
NEW MARKET,Memphis,697.0
NEW MARKET,Shelby,925.0
PIEDMONT,Savannah,821.4
SELMA,Savannah,908.12
SELMA,Memphis,785.0
SELMA,Shelby,945.0
SWEET WATER,Savannah,908.12
SWEET WATER,Memphis,760.0
SWEET WATER,Shelby,1100.0
TALLASSEE,Savannah,843.75
TALLASSEE,Memphis,726.0
TALLASSEE,Shelby,865.0
THEODORE,Savannah,1004.69
THEODORE,Memphis,1035.0
THEODORE,Shelby,1150.0
TOWN CREEK,Savannah,952.82
TOWN CREEK,Memphis,624.26
URIAH,Savannah,950.15
URIAH,Memphis,719.0
URIAH,Shelby,1090.0
BELZONI,Memphis,521.92
BLYTHEVILLE,Savannah,1429.22
BLYTHEVILLE,Memphis,485.0
BLYTHEVILLE,Shelby,1280.0
BRADLEY,Memphis,796.0
BRINKLEY,Memphis,476.0
CALDWELL,Memphis,369.0
CRAWFORDSVILLE,Memphis,382.0
CRAWFORDSVILLE,Shelby,1320.0
DELL,Memphis,465.0
DELL,Shelby,1321.0
DERMOTT,Memphis,840.0
DERMOTT,Shelby,1490.0
DUMAS,Memphis,715.0
DUMAS,Shelby,1775.0
DYESS,Memphis,380.0
ELAINE,Memphis,481.0
ENGLAND,Memphis,600.0
EUDORA,Memphis,652.0
EVADALE,Memphis,357.0
FORREST CITY,Memphis,393.0
HELENA,Memphis,550.0
JONESBORO,Memphis,490.0
LUNDELL,Memphis,504.22
MANILA,Memphis,485.0
MANILA,Shelby,1340.0
MARIANNA,Savannah,1441.72
MARIANNA,Memphis,475.0
MARIANNA,Shelby,1380.0
MCGEHEE,Memphis,890.0
MCGEHEE,Shelby,1493.0
MONETTE,Savannah,1429.22
MONETTE,Memphis,455.0
MONETTE,Shelby,1379.0
MOTETTE,Memphis,413.62
PORTLAND,Savannah,1486.4
PORTLAND,Memphis,910.0
PORTLAND,Shelby,1499.0
TRUMANN,Memphis,409.86
WEST MEMPHIS,Memphis,375.0
WEST MEMPHIS,Shelby,1369.0
JAY,Savannah,1253.44
JAY,Memphis,1135.0
JAY,Shelby,1100.0
WALNUT HILL,Savannah,937.65
WALNUT HILL,Memphis,1085.0
WALNUT HILL,Shelby,1105.0
ALBANY,Savannah,634.48
ALBANY,Memphis,797.07
ALBANY,Weslaco,1301.9
ALBANY,Shelby,865.0
AMERICUS,Savannah,629.48
AMERICUS,Memphis,800.0
AMERICUS,Shelby,825.0
ARLINGTON,Savannah,741.12
ARLINGTON,Memphis,800.0
ARLINGTON,Shelby,905.0
BAINBRIDGE,Savannah,739.89
BAINBRIDGE,Memphis,825.0
BAINBRIDGE,Shelby,966.0
BARTOW,Savannah,502.71
BARTOW,Memphis,1050.0
BARTOW,Weslaco,1484.26
BARTOW,Shelby,725.0
BAXLEY,Savannah,476.46
BAXLEY,Memphis,1003.86
BAXLEY,Weslaco,1483.32
BAXLEY,Shelby,825.0
BLAKELY,Savannah,760.57
BLAKELY,Memphis,784.0
BLAKELY,Weslaco,1264.3
BLAKELY,Shelby,904.0
BOSTON,Savannah,627.81
BOSTON,Memphis,885.09
BOSTON,Weslaco,1292.5
BOSTON,Shelby,975.0
BOSTWICK,Savannah,652.29
BRONWOOD,Savannah,506.72
BRONWOOD,Memphis,787.29
BRONWOOD,Weslaco,1324.46
BRONWOOD,Shelby,836.0
BROOKFIELD,Savannah,576.15
BROOKLET,Savannah,363.54
BROOKLET,Memphis,1050.0
BROOKLET,Weslaco,1559.46
BROOKLET,Shelby,725.0
BUENA VISTA,Savannah,644.48
BUENA VISTA,Memphis,790.0
BUENA VISTA,Weslaco,1343.26
BUENA VISTA,Shelby,840.0
BYROMVILLE,Savannah,558.28
BYROMVILLE,Memphis,844.2
CAMILLA,Savannah,506.72
CAMILLA,Memphis,823.15
CAMILLA,Weslaco,1306.6
CLIMAX,Savannah,708.76
CLIMAX,Memphis,850.0
CLIMAX,Weslaco,1283.1
CLIMAX,Shelby,1025.0
COCHRAN,Savannah,593.85
COCHRAN,Memphis,903.26
COCHRAN,Weslaco,1493.66
COCHRAN,Shelby,790.0
COLQUITT,Savannah,744.27
COLQUITT,Memphis,800.0
COLQUITT,Weslaco,1273.7
COLQUITT,Shelby,950.0
COMMERCE,Savannah,625.62
CORDELE,Savannah,637.19
CORDELE,Memphis,889.76
CORDELE,Weslaco,1497.42
CORDELE,Shelby,900.0
CUTHBERT,Savannah,559.97
CUTHBERT,Memphis,765.45
CUTHBERT,Shelby,913.0
DEXTER,Savannah,544.17
DEXTER,Memphis,903.26
DEXTER,Weslaco,1516.22
DEXTER,Shelby,705.0
DOERUN,Savannah,631.15
DOERUN,Memphis,850.0
DOERUN,Weslaco,1334.8
DOERUN,Shelby,925.0
DONALSONVILLE,Savannah,760.13
DONALSONVILLE,Memphis,782.4
DONALSONVILLE,Weslaco,1272.76
DONALSONVILLE,Shelby,955.0
DOREUN,Savannah,499.22
DOREUN,Weslaco,1334.8
DOUGLAS,Savannah,526.04
DOUGLAS,Memphis,990.34
DOUGLAS,Weslaco,1485.2
DOUGLAS,Shelby,915.0
DUBLIN,Savannah,537.5
DUBLIN,Memphis,903.26
DUBLIN,Weslaco,1558.52
DUBLIN,Shelby,715.0
DUDLEY,Savannah,544.17
DUDLEY,Memphis,903.26
DUDLEY,Weslaco,1522.8
DUDLEY,Shelby,721.0
EDISON,Savannah,559.18
EDISON,Weslaco,1291.56
ENIGMA,Savannah,577.81
ENIGMA,Memphis,953.55
ENIGMA,Weslaco,1394.02
ENIGMA,Shelby,890.0
FITZGERALD,Savannah,479.22
FUNSTON,Savannah,649.48
FUNSTON,Memphis,852.49
FUNSTON,Weslaco,1356.42
GARDEN CITY,Savannah,313.54
GARDEN CITY,Memphis,1076.53
GARDEN CITY,Weslaco,1673.2
GARDEN CITY,Shelby,750.0
HAWKINSVILLE,Savannah,600.52
HAWKINSVILLE,Memphis,863.2
HAWKINSVILLE,Weslaco,1520.92
HAWKINSVILLE,Shelby,851.0
HAZELHURST,Savannah,502.71
HAZLEHURST,Savannah,454.06
HAZLEHURST,Memphis,1000.0
HAZLEHURST,Weslaco,1514.34
HAZLEHURST,Shelby,875.0
LENOX,Savannah,479.22
LENOX,Memphis,953.55
LENOX,Shelby,895.0
MADISON,Savannah,645.63
MADISON,Memphis,850.0
MADISON,Shelby,625.0
MEIGS,Savannah,646.15
MEIGS,Memphis,842.71
MEIGS,Weslaco,1314.12
MEIGS,Shelby,960.0
METTER,Savannah,426.46
METTER,Memphis,1000.0
METTER,Weslaco,1558.52
METTER,Shelby,725.0
MIDVILLE,Savannah,446.46
MIDVILLE,Memphis,1000.0
MIDVILLE,Weslaco,1559.46
MIDVILLE,Shelby,730.0
MILLEN,Savannah,377.19
MILLEN,Memphis,967.0
MILLEN,Weslaco,1572.62
MILLEN,Shelby,738.0
MONROE,Savannah,689.98
MOULTRIE,Savannah,627.81
MOULTRIE,Memphis,852.49
MOULTRIE,Weslaco,1352.66
MOULTRIE,Shelby,905.0
NORMAN PARK,Savannah,611.15
NORMAN PARK,Memphis,867.16
NORMAN PARK,Shelby,939.0
OCILLA,Savannah,561.15
OCILLA,Memphis,943.77
OCILLA,Weslaco,1406.24
OCILLA,Shelby,929.0
OMEGA,Savannah,604.48
OMEGA,Memphis,910.0
OMEGA,Weslaco,1398.72
OMEGA,Shelby,925.0
PELHAM,Savannah,656.15
PELHAM,Memphis,845.0
PELHAM,Weslaco,1319.76
PELHAM,Shelby,944.0
PINEHURST,Savannah,623.85
PINEHURST,Memphis,859.88
PINEHURST,Weslaco,1507.76
PINEHURST,Shelby,885.0
PITTS,Savannah,617.19
PITTS,Memphis,903.26
PITTS,Shelby,800.0
PORT WENTWORTH,Savannah,308.54
PORT WENTWORTH,Memphis,1079.91
PORT WENTWORTH,Shelby,725.0
QUITMAN,Savannah,494.22
RINCON,Savannah,287.81
RINCON,Memphis,1162.92
RINCON,Shelby,735.0
ROCHELLE,Savannah,553.28
SAVANNAH,Savannah,325.21
SAVANNAH,Memphis,1081.6
SAVANNAH,Shelby,710.0
SAVANNAH,MINERAL SPRINGS,903.0
SAVANNAH,RABUN GAP,675.0
SAVANNAH,WALNUT COVE,981.0
SAVANNAH,SANFORD,915.84
SAVANNAH,LEXINGTON,990.0
SAVANNAH,HILLSVILLE,1125.0
SAVANNAH,SPARTA,1095.0
SAVANNAH,GAFFNEY,940.0
SAVANNAH,SALISBURY,912.0
SAVANNAH,SANFORD,915.84
SAVANNAH,EDEN,985.92
SAVANNAH,MAYODAN,985.92
SHELLMAN,Savannah,548.94
SHELLMAN,Memphis,800.0
SHELLMAN,Shelby,895.0
STATESBORO,Savannah,404.79
STATESBORO,Memphis,1010.0
STATESBORO,Weslaco,1565.1
STATESBORO,Shelby,700.0
SURRENCY,Savannah,443.13
SURRENCY,Memphis,1019.07
SURRENCY,Weslaco,1526.56
SURRENCY,Shelby,790.0
SYCAMORE,Savannah,601.15
SYCAMORE,Memphis,907.91
SYCAMORE,Weslaco,1479.56
SYCAMORE,Shelby,859.0
SYLVANIA,Savannah,419.79
SYLVANIA,Memphis,1032.0
SYLVANIA,Weslaco,1602.7
SYLVANIA,Shelby,705.0
SYLVESTER,Savannah,604.48
SYLVESTER,Memphis,875.0
SYLVESTER,Weslaco,1377.1
SYLVESTER,Shelby,890.0
TAYLORSVILLE,Savannah,838.44
TAYLORSVILLE,Memphis,726.0
TAYLORSVILLE,Shelby,715.0
THOMASVILLE,Savannah,499.22
TIFTON,Savannah,574.48
TIFTON,Memphis,880.0
TIFTON,Weslaco,1395.9
TIFTON,Shelby,875.0
UNADILLA,Savannah,623.85
UNADILLA,Memphis,854.9
UNADILLA,Weslaco,1566.04
UNADILLA,Shelby,855.0
VALDOSTA,Savannah,479.22
VIENNA,Savannah,633.85
VIENNA,Memphis,869.84
VIENNA,Weslaco,1522.8
VIENNA,Shelby,860.0
WADLEY,Savannah,506.04
WADLEY,Memphis,1000.0
WADLEY,Weslaco,1535.02
WADLEY,Shelby,705.0
WAYNESBORO,Savannah,512.5
WAYNESBORO,Memphis,1200.0
WAYNESBORO,Weslaco,1592.36
WAYNESBORO,Shelby,625.0
WESTON,Savannah,510.65
WRIGHTSVILLE,Savannah,540.83
CLEARWATER,Dallas,800.0
CLEARWATER,Houston,1100.0
LIBERAL,Memphis,1475.0
LIBERAL,Weslaco,1412.82
LIBERAL,Dallas,870.0
LIBERAL,Houston,1200.0
ALEXANDRIA,Memphis,913.32
ALEXANDRIA,Weslaco,930.6
ALEXANDRIA,Shelby,1549.0
ALEXANDRIA,Houston,1900.0
ALEXIANDRIA,Houston,1900.0
FERRIDAY,Memphis,835.92
FERRIDAY,Weslaco,1024.6
FERRIDAY,Shelby,1459.0
FERRIDAY,Houston,911.0
JONESVILLE,Memphis,866.88
JONESVILLE,Weslaco,1023.66
JONESVILLE,Shelby,1469.0
LAKE PROVIDENCE,Savannah,1415.62
LAKE PROVIDENCE,Memphis,671.0
LAKE PROVIDENCE,Weslaco,1051.86
LAKE PROVIDENCE,Shelby,1440.0
LAKE PROVIDENCE,Houston,975.0
MONROE,Memphis,735.3
NEW ORLEANS,Memphis,822.0
NEW ORLEANS,Houston,793.0
OAK GROVE,Memphis,707.0
RAYVILLE,Memphis,735.3
RAYVILLE,Weslaco,1033.06
RAYVILLE,Shelby,1429.0
RAYVILLE,Houston,975.0
ST JOSEPH,Memphis,741.0
ST JOSEPH,Shelby,1450.0
ST JOSEPH,Houston,900.0
ST. JOSEPH,Houston,900.0
ST.JOSEPH,Memphis,663.0
TALLULAH,Memphis,758.52
TALLULAH,Weslaco,1047.16
TALLULAH,Shelby,1428.0
TALLULAH,Houston,1137.0
WINNSBORO,Memphis,735.3
WINNSBORO,Weslaco,1004.86
WINNSBORO,Shelby,1529.0
WINNSBORO,Houston,900.0
ARBYRD,Memphis,594.19
CARUTHERSVILLE,Memphis,555.0
CARUTHERSVILLE,Weslaco,1629.02
CARUTHERSVILLE,Shelby,1440.0
COOTER,Memphis,593.87
GIDEON,Memphis,542.0
HAYTI,Memphis,598.35
HAYTI,Weslaco,1629.96
HAYTI,Shelby,1439.0
HOLLAND,Memphis,592.89
HORNERSVILLE,Memphis,593.87
KENNETT,Memphis,515.0
MALDEN,Savannah,1793.14
MALDEN,Memphis,675.0
MALDEN,Weslaco,1667.56
MALDEN,Shelby,1499.0
NEW MADRID,Memphis,655.0
NEW MADRID,Weslaco,1695.76
NEW MADRID,Shelby,1449.0
PARMA,Memphis,563.0
PORTAGEVILLE,Memphis,515.0
PORTAGEVILLE,Weslaco,1705.16
PORTAGEVILLE,Shelby,1446.0
PORTLAND,Memphis,800.0
SENATH,Memphis,490.83
STEELE,Memphis,593.87
ABERDEEN,Memphis,594.0
ABERDEEN,Weslaco,1464.52
BATESVILLE,Memphis,412.63
BATESVILLE,Weslaco,1426.92
BELDEN,Memphis,498.0
BELZONI,Memphis,765.0
BELZONI,Weslaco,1332.92
CANTON,Memphis,860.0
CANTON,Weslaco,1276.52
CLARKSDALE,Memphis,505.0
CLARKSDALE,Weslaco,1309.42
CLARKSDALE,Shelby,1400.0
CLEVELAND,Memphis,620.0
DREW,Memphis,516.0
DREW,Weslaco,1305.66
DREW,Shelby,1404.0
FLORA,Memphis,895.0
GREENVILLE,Memphis,725.0
GREENVILLE,Weslaco,1249.26
GREENVILLE,Shelby,1449.0
GREENWOOD,Memphis,605.0
GREENWOOD,Weslaco,1398.72
GREENWOOD,Shelby,1462.0
GRENADA,Memphis,555.0
GRENADA,Weslaco,1392.14
GRENADA,Shelby,1450.0
HOLLANDALE,Memphis,725.0
HOLLANDALE,Weslaco,1263.36
HOLLANDALE,Shelby,1470.0
HOLLY BLUFF,Memphis,659.0
HOLLY SPRINGS,Memphis,395.0
HOLLY SPRINGS,Weslaco,1418.46
HORN LAKE,Memphis,397.0
HOUSTON,Memphis,710.0
HOUSTON,Weslaco,1249.26
INDIANOLA,Memphis,557.0
INDIANOLA,Weslaco,1260.54
INDIANOLA,Shelby,1425.0
INVERNESS,Savannah,1102.5
INVERNESS,Memphis,675.0
INVERNESS,Weslaco,1335.74
INVERNESS,Shelby,1430.0
ITTA BENA,Memphis,529.0
ITTA BENA,Weslaco,1288.74
ITTA BENA,Shelby,1470.0
ITTABENA,Memphis,528.0
JACKSON,Memphis,925.0
KOSCIUSKO,Memphis,616.0
LELAND,Memphis,574.0
LELAND,Weslaco,1269.0
MACON,Memphis,647.0
NEW ALBANY,Savannah,1240.31
NEW ALBANY,Memphis,456.0
NEW ALBANY,Weslaco,1494.6
OLIVE BRANCH,Memphis,340.0
OLIVE BRANCH,Shelby,1255.0
PONTOTOC,Weslaco,1250.2
PRAIRIE,Memphis,815.0
PRAIRIE,Weslaco,1493.66
QUITMAN,Memphis,739.2
ROLLING FORK,Memphis,630.0
ROLLING FORK,Weslaco,1249.26
ROLLING FORK,Shelby,1495.0
SALTILLO,Savannah,1004.06
SALTILLO,Memphis,593.85
SALTILLO,Weslaco,1260.54
SHAW,Memphis,538.0
SHELBY,Memphis,550.0
TCHULA,Memphis,715.0
TCHULA,Weslaco,1335.74
TCHULA,Shelby,1395.0
TUNICA,Memphis,400.0
TUNICA,Weslaco,1506.82
TUNICA,Shelby,1438.0
TUPELO,Memphis,593.24
TUPELO,Shelby,1190.0
VICKSBURG,Memphis,709.0
YAZOO CITY,Memphis,626.0
ALBEMARLE,Savannah,615.78
ALBEMARLE,Memphis,1158.0
ALBEMARLE,Shelby,400.0
BETHEL,Savannah,741.88
BETHEL,Shelby,720.0
CHOCOWINITY,Savannah,741.88
CHOCOWINITY,Shelby,760.0
CLARKTON,Savannah,615.78
CLARKTON,Memphis,1383.0
CLARKTON,Shelby,600.0
DUNN,Savannah,641.38
DUNN,Memphis,1436.0
DUNN,Shelby,620.0
EDENTON,Savannah,841.49
EDENTON,Memphis,1566.0
EDENTON,Shelby,795.0
ELM CITY,Savannah,1148.0
ELM CITY,Savannah,746.89
ELM CITY,Shelby,685.0
ENFIELD,Savannah,754.38
ENFIELD,Memphis,1406.0
ENFIELD,Shelby,689.0
ERWIN,Savannah,652.3
ERWIN,Memphis,1437.0
ERWIN,Shelby,555.0
EVERETTS,Savannah,754.38
EVERETTS,Memphis,1539.0
EVERETTS,Shelby,719.0
GARYSBURG,Savannah,833.22
GARYSBURG,Memphis,1368.0
GARYSBURG,Shelby,679.0
GASTONIA,Savannah,603.28
GASTONIA,Memphis,1061.0
GASTONIA,Shelby,300.0
GATES,Savannah,850.94
GATES,Memphis,1522.0
GATES,Shelby,770.0
GATESVILLE,Savannah,850.94
GATESVILLE,Memphis,1514.0
GATESVILLE,Shelby,765.0
GOLDSBORO,Savannah,667.65
HERTFORD,Savannah,850.94
HOBGOOD,Savannah,789.32
HOBGOOD,Shelby,699.0
JACKSON,Savannah,834.0
JACKSON,Shelby,718.0
KINSTON,Savannah,694.83
LA GRANGE,Savannah,698.27
LA GRANGE,Shelby,738.0
LAUREL HILL,Savannah,603.28
LAURINBURG,Savannah,603.28
LOWELL,Savannah,603.28
LOWELL,Shelby,325.0
LUMBERTON,Savannah,615.78
LUMBERTON,Shelby,525.0
MAYODAN,Shelby,525.0
MURFREESBORO,Savannah,848.58
MURFREESBORO,Memphis,1484.0
MURFREESBORO,Shelby,744.0
NEW LONDON,Savannah,615.78
NEWTON GROVE,Savannah,645.32
NEWTON GROVE,Memphis,1406.0
NEWTON GROVE,Shelby,695.0
PANTEGO,Savannah,821.4
PANTEGO,Shelby,805.0
RAEFORD,Savannah,615.78
RAEFORD,Memphis,1416.0
RAEFORD,Shelby,500.0
ROANOKE RAPIDS,Savannah,828.5
ROANOKE RAPIDS,Memphis,1368.0
ROANOKE RAPIDS,Shelby,695.0
SANFORD,Savannah,629.57
SANFORD,Shelby,575.0
SCOTLAND NECK,Savannah,819.44
SCOTLAND NECK,Shelby,719.0
SEABOARD,Savannah,840.31
SEABOARD,Memphis,1388.0
SEABOARD,Shelby,718.0
SHELBY,Savannah,615.78
SHELBY,Memphis,1028.0
SHELBY,Shelby,275.0
TARBORO,Savannah,745.71
TARBORO,Memphis,1467.0
TARBORO,Shelby,704.0
TRENTON,Savannah,712.35
TRENTON,Memphis,1709.0
TRENTON,Shelby,799.0
TYNER,Savannah,850.94
TYNER,Shelby,819.0
WADESBORO,Savannah,603.28
WELDON,Savannah,829.67
WELDON,Shelby,695.0
WILLIAMSTON,Savannah,791.88
WILSON,Savannah,674.75
WILSON,Memphis,1365.0
WILSON,Shelby,625.0
WINSTON SALEM,Savannah,708.7
LOVINGTON,Dallas,605.0
ALTUS,Memphis,1175.0
ALTUS,Weslaco,1230.46
ALTUS,Dallas,455.0
ALTUS,Houston,1000.0
BENNETTSVILLE,Savannah,670.52
BENNETTSVILLE,Memphis,1291.0
BENNETTSVILLE,Shelby,500.0
BISHOPVILLE,Savannah,622.4
BISHOPVILLE,Memphis,1166.0
BISHOPVILLE,Shelby,500.0
CAMERON,Savannah,486.25
CAMERON,Memphis,1111.95
CAMERON,Shelby,540.0
CHARLESTON,Savannah,494.38
CHARLESTON,Shelby,625.0
CLIO,Savannah,677.19
CLIO,Memphis,1338.0
CLIO,Shelby,505.0
DARLINGTON,Savannah,565.78
DARLINGTON,Shelby,515.0
DILLON,Savannah,663.85
DILLON,Memphis,1336.0
DILLON,Shelby,555.0
ELLOREE,Savannah,492.92
ELLOREE,Memphis,1146.0
ELLOREE,Shelby,615.0
GREENVILLE,Savannah,786.19
GREENVILLE,Shelby,400.0
GREER,Savannah,761.42
GREER,Memphis,1027.0
GREER,Shelby,395.0
HARTSVILLE,Savannah,642.19
HARTSVILLE,Memphis,1129.0
HARTSVILLE,Shelby,505.0
LAKE CITY,Savannah,546.1
LAKE CITY,Shelby,530.0
LAKECITY,Savannah,546.1
LAMAR,Savannah,619.06
LYNCHBURG,Savannah,599.06
LYNCHBURG,Memphis,1140.0
LYNCHBURG,Shelby,550.0
MANNING,Savannah,527.25
MANNING,Shelby,550.0
MINTURN,Savannah,578.28
MOUNT PLEASANT,Savannah,466.56
NORTH,Savannah,471.25
NORTH,Shelby,565.0
ORANGEBURG,Shelby,560.0
SAINT MATTHEWS,Savannah,454.75
SAINT MATTHEWS,Memphis,989.08
SPARTANBURG,Savannah,777.07
SPARTANBURG,Shelby,325.0
ST MATTHEWS,Memphis,1133.0
ST MATTHEWS,Shelby,565.0
ST. MATTHEWS,Savannah,454.75
ST.MATTHEWS,Savannah,454.75
SUMTER,Savannah,553.92
TAYLORS,Savannah,602.3
TAYLORS,Shelby,400.0
BEMIS,Memphis,455.0
BROWNSVILLE,Savannah,1319.06
BROWNSVILLE,Memphis,465.0
BROWNSVILLE,Weslaco,1553.82
BROWNSVILLE,Shelby,1190.0
BURLISON,Memphis,524.0
COVINGTON,Memphis,524.0
COVINGTON,Weslaco,1552.88
COVINGTON,Shelby,1199.0
DYERSBURG,Memphis,439.0
ELORA,Memphis,1275.0
ELORA,Weslaco,1458.88
ELORA,Shelby,1050.0
HALLS,Memphis,495.0
HALLS,Weslaco,1550.06
HALLS,Shelby,1195.0
HUMBOLDT,Savannah,1319.06
HUMBOLDT,Memphis,420.16
HUMBOLDT,Memphis,545.0
HUMBOLDT,Weslaco,1591.42
HUMBOLDT,Shelby,1155.0
HUMBOLDT,Memphis,395.0
JACKSON,Savannah,1260.0
JACKSON,Memphis,515.0
JACKSON,Weslaco,1596.12
JACKSON,Shelby,1125.0
MASON,Memphis,524.0
MASON,Weslaco,1516.22
MASON,Shelby,1190.0
MEMPHIS,Savannah,1319.06
MEMPHIS,Memphis,322.0
MEMPHIS,Weslaco,1493.66
MEMPHIS,Shelby,1250.0
MEMPHIS,Houston,1250.0
MEMPHIS,SALISBURY,1267.2
MEMPHIS,SANFORD,1694.4
MEMPHIS,EDEN,1445.7
MEMPHIS,MAYODAN,1445.7
MILAN,Savannah,1260.0
MILAN,Memphis,555.0
MILAN,Weslaco,1625.26
MILAN,Shelby,1150.0
MILLINGTON,Memphis,517.0
RIPLEY,Memphis,408.91
SOMERVILLE,Savannah,1260.0
SOMERVILLE,Memphis,525.0
SOMERVILLE,Weslaco,1545.36
SOMERVILLE,Shelby,1190.0
ABERNATHY,Memphis,1725.0
ABERNATHY,Weslaco,1024.6
ABERNATHY,Dallas,540.0
ABERNATHY,Houston,850.0
ABILENE,Weslaco,944.7
AMARILLO,Memphis,1500.0
AMARILLO,Weslaco,1203.2
AMARILLO,Dallas,560.0
AMARILLO,Houston,900.0
ARLINGTON,Weslaco,775.5
ARLINGTON,Dallas,115.0
ARLINGTON,Houston,500.0
BALLINGER,Memphis,1557.76
BALLINGER,Weslaco,754.82
BALLINGER,Dallas,485.0
BALLINGER,Houston,850.0
BAYTOWN,Weslaco,653.3
BIG SPRING,Dallas,460.0
BIG SPRING,Houston,725.0
BROWNFIELD,Weslaco,987.0
BROWNFIELD,Dallas,530.0
BROWNFIELD,Houston,750.0
BRYAN,Weslaco,648.6
BRYAN,Dallas,495.0
BRYAN,Houston,575.0
COOPER,Dallas,350.0
CORPUS CHRISTI,Weslaco,662.7
CORPUS CHRISTI,Dallas,825.0
CORPUS CHRISTI,Houston,575.0
DALLAS,Weslaco,845.06
DALLAS,Dallas,255.0
DALLAS,Houston,575.0
DENVER CITY,Dallas,634.0
DENVER CITY,Houston,1126.0
DEPORT,Dallas,350.0
DESOTO,Houston,575.0
EL CAMPO,Weslaco,620.4
EL CAMPO,Dallas,560.0
EL CAMPO,Houston,450.0
EL PASO,Weslaco,1334.8
FORT WORTH,Dallas,285.0
FT WORTH,Weslaco,835.66
FT WORTH,Dallas,285.0
FT WORTH,Houston,524.0
GALVESTON,Dallas,540.0
GALVESTON,Houston,350.0
GARDEN CITY,Dallas,495.0
GARDEN CITY,Houston,750.0
GRAND PRAIRIE,Weslaco,841.3
GRAND PRAIRIE,Dallas,270.0
GRAND PRAIRIE,Houston,661.0
GREENVILLE,Weslaco,831.9
HARLINGEN,Dallas,905.0
HARLINGEN,Houston,900.0
HASKELL,Weslaco,842.24
HASLET,Dallas,285.0
HOUSTON,Dallas,485.0
HOUSTON,Houston,350.0
LAMESA,Weslaco,957.86
LAMESA,Dallas,540.0
LAMESA,Houston,750.0
LANCASTER,Houston,575.0
LAREDO,Dallas,830.0
LAREDO,Houston,900.0
LEVELLAND,Dallas,550.0
LEVELLAND,Houston,800.0
LIBERAL,Houston,350.0
LOCKNEY,Memphis,1602.0
LOCKNEY,Weslaco,1005.8
LOCKNEY,Dallas,520.0
LOCKNEY,Houston,750.0
LUBBOCK,Memphis,1634.0
LUBBOCK,Weslaco,995.46
LUBBOCK,Dallas,510.0
LUBBOCK,Houston,750.0
MEMPHIS,Memphis,1348.0
MEMPHIS,Weslaco,1041.52
MEMPHIS,Dallas,485.0
MISSION,Memphis,2102.0
MISSION,Dallas,905.0
ODEM,Weslaco,615.7
ODONNELL,Dallas,495.0
ODONNELL,Houston,750.0
PADUCAH,Weslaco,968.2
PADUCAH,Dallas,485.0
PADUCAH,Houston,850.0
PASADENA,Weslaco,705.0
PASADENA,Dallas,485.0
PASADENA,Houston,350.0
PLAINVIEW,Memphis,1653.0
PLAINVIEW,Weslaco,1059.38
PLAINVIEW,Dallas,550.0
PLAINVIEW,Houston,800.0
PORTLAND,Weslaco,587.5
PORTLAND,Dallas,760.0
PORTLAND,Houston,575.0
POST,Weslaco,966.32
POST,Dallas,490.0
POST,Houston,800.0
QUANAH,Weslaco,1059.38
QUANAH,Dallas,465.0
QUANAH,Houston,834.0
RALLS,Weslaco,967.26
RALLS,Dallas,460.0
RALLS,Houston,800.0
RAYMONDVILLE,Houston,725.0
ROSENBERG,Weslaco,607.24
RULE,Weslaco,912.74
RULE,Dallas,400.0
RULE,Houston,650.0
SAN ANGELO,Weslaco,841.3
SAN ANGELO,Dallas,430.0
SEABROOK,Weslaco,667.4
SEAGRAVES,Weslaco,976.66
SEAGRAVES,Dallas,510.0
SEAGRAVES,Houston,725.0
SEBASTIAN,Houston,750.0
SEMINOLE,Weslaco,1011.44
SEMINOLE,Dallas,510.0
SEMINOLE,Houston,800.0
SNYDER,Weslaco,955.04
SNYDER,Dallas,485.0
SNYDER,Houston,877.0
STAMFORD,Dallas,400.0
STAMFORD,Houston,828.0
STANTON,Weslaco,921.2
STANTON,Dallas,490.0
STANTON,Houston,725.0
SUDAN,Memphis,1736.0
SUDAN,Weslaco,1051.86
SUDAN,Dallas,560.0
SUDAN,Houston,800.0
SWEETWATER,Memphis,1334.0
SWEETWATER,Weslaco,939.06
SWEETWATER,Dallas,400.0
SWEETWATER,Houston,725.0
TAHOKA,Weslaco,957.86
TAHOKA,Dallas,495.0
TAHOKA,Houston,1009.0
TAYLOR,Weslaco,667.4
TAYLOR,Dallas,475.0
TAYLOR,Houston,525.0
TORNILLO,Dallas,920.0
TORNILLO,Houston,1009.0
TULIA,Memphis,1650.0
TULIA,Weslaco,1098.86
TULIA,Dallas,565.0
TULIA,Houston,900.0
VERNON,Memphis,1635.64
VERNON,Weslaco,808.4
VERNON,Dallas,430.0
VERNON,Houston,1000.0
WESLACO,Memphis,2021.0
WESLACO,Houston,775.0
WINNSBORO,Weslaco,799.0
EMPORIA,Savannah,779.38
EMPORIA,Memphis,1413.0
EMPORIA,Shelby,690.0
SUFFOLK,Savannah,888.44
SUFFOLK,Memphis,1545.0
SUFFOLK,Shelby,795.0
WINDSOR,Savannah,888.44
WINDSOR,Shelby,805.0
