"Warehouse","City","State","Name","County","Terms","Verified","Points","Recv","Strg","Load","Compr","Class","Mark","EffDate","Bales","Rail","ICE Ref","Capacity","CertLoad","CertCompr","CertMark","CertRecv","CertStrg","CertClass","Min Storage","Basis Adj"
"111","Selma","AL","Black Belt Gin Inc.","Autauga              ","01","Yes",".0285","4.0000","3.0000","6.25","0.00","0.0000","1.00","2025-09-01","0","no","","","0.00","0.00","0.00","0.0000","0.0000","0.0000","0.0000",""
"520","Abbeville","AL","Moseley Intl. Inc.","Henry                ","01","Yes",".0220","0.0000","3.5000","7.00","0.00","0.0000","0.50","2025-08-01","0","no","","","0.00","0.00","0.00","0.0000","0.0000","0.0000","0.0000",""
"1100","Athens","AL","Associated Growers Gin & Whse-Athens","Limestone            ","01","Yes",".0383","2.1500","3.0000","6.00","7.50","0.0000","0.50","2025-09-01","0","no","","","0.00","0.00","0.00","0.0000","0.0000","0.0000","0.0000",""
"4004","Andalusia","AL","Covington Gin Company","Covington            ","01","Yes",".0050","0.0000","2.5000","0.00","0.00","0.0000","0.00","2025-09-01","0","no","","","0.00","0.00","0.00","0.0000","0.0000","0.0000","0.0000",""
"11515","Belle Mina","AL","South Limestone Coop","Limestone            ","01","Yes",".0405","4.0000","2.0000","6.75","7.00","0.0000","0.50","2025-08-01","0","no","","","0.00","0.00","0.00","0.0000","0.0000","0.0000","0.0000",""
"22715","Centre","AL","Plaza Cotton Storage, LLC","Cherokee             ","01","Yes",".0239","3.2500","2.7000","5.00","0.00","0.0000","1.00","2025-09-01","2","no","","","0.00","0.00","0.00","0.0000","0.0000","0.0000","0.0000",""
"29010","Courtland","AL","Servico Warehouse","Lawrence             ","01","Yes",".0424","4.0000","2.5000","6.70","7.50","0.0000","0.50","2025-09-01","0","yes","","","0.00","0.00","0.00","0.0000","0.0000","0.0000","0.0000",""
"31400","Dothan","AL","5-Lock Gin","Houston              ","01","Yes",".0300","4.5000","3.5000","6.50","0.00","0.0000","0.50","2025-09-01","0","no","","","0.00","0.00","0.00","0.0000","0.0000","0.0000","0.0000",""
"32035","Decatur","AL","Union Comp/Decatur","Morgan               ","01","Yes",".0383","2.1500","3.0000","6.00","7.50","0.0000","0.50","2025-09-01","0","no","","","6.50","0.00","0.50","2.5000","4.5000","0.0000","0.0000",""
"34512","Eclectic","AL","Fuller Warehouse and Gin","Elmore               ","01","Yes",".0230","3.5000","2.5000","5.00","0.00","0.0000","0.50","2025-09-01","0","no","","","0.00","0.00","0.00","0.0000","0.0000","0.0000","0.0000",""
"36016","Enterprise","AL","Coffee Gin Co LLC Whse","Coffee               ","01","Yes",".0060","0.0000","2.5000","0.00","0.00","0.0000","0.50","2025-08-01","0","no","","","0.00","0.00","0.00","0.0000","0.0000","0.0000","0.0000",""
"39720","Florence","AL","Oakland Gin Co.","Lauderdale           ","01","Yes",".0228","3.1500","2.2500","6.00","0.00","0.0000","0.00","2025-09-01","0","no","","","0.00","0.00","0.00","0.0000","0.0000","0.0000","0.0000",""
"39770","Florence ","AL","Scruggs and Vaden Warehouse, LLC","Lauderdale           ","01","Yes",".0336","5.0000","2.5000","5.00","0.00","4.3000","0.00","2025-09-01","0","no","","","0.00","0.00","0.00","0.0000","0.0000","0.0000","0.0000",""
"51005","Hartford","AL","Sowega Cotton","Geneva               ","01","Yes",".0060","0.0000","3.0000","0.00","0.00","0.0000","0.00","2025-09-01","0","no","","","0.00","0.00","0.00","0.0000","0.0000","0.0000","0.0000",""
"52020","Headland","AL","Henry County Gin","Henry                ","01","Yes",".0057","0.0000","2.8500","0.00","0.00","0.0000","0.00","2025-08-01","0","no","","","0.00","0.00","0.00","0.0000","0.0000","0.0000","0.0000",""
"52650","Hillsboro","AL","Hillsboro Gin Company Inc","Lawrence             ","01","Yes",".0383","2.6500","3.0000","6.00","7.50","0.0000","0.00","2025-08-01","0","no","","","0.00","0.00","0.00","0.0000","0.0000","0.0000","0.0000",""
"54205","Deatsville","AL","Holtville Gin and Warehouse","Elmore               ","01","Yes",".0220","3.0000","2.0000","6.00","0.00","0.0000","0.00","2025-09-01","0","no","","","0.00","0.00","0.00","0.0000","0.0000","0.0000","0.0000",""
"62306","Loxley","AL","Loxley Warehouses, LLC","Baldwin              ","01","Yes",".0234","3.4500","2.2500","5.00","0.00","0.0000","1.00","2025-09-01","0","no","","","0.00","0.00","0.00","0.0000","0.0000","0.0000","0.0000",""
"63010","McCullough","AL","McCullough Bonded Warehouse","Escambia             ","01","Yes",".0230","3.7500","2.7500","5.00","0.00","0.0000","0.00","2025-08-01","0","yes","","","0.00","0.00","0.00","0.0000","0.0000","0.0000","0.0000",""
"73073","New Market ","AL","Cotton Growers Coop Inc - New Market","Madison              ","01","Yes",".0430","4.0000","3.0000","6.00","7.50","0.0000","1.00","2025-08-01","0","no","","","0.00","0.00","0.00","0.0000","0.0000","0.0000","0.0000",""
"96505","Sweet Water","AL","Marengo Warehouse, Inc.","Marengo and choctaw  ","01","Yes",".0415","4.0000","2.7500","6.00","7.00","0.0000","1.00","2025-10-01","0","no","","","0.00","0.00","0.00","0.0000","0.0000","0.0000","0.0000",""
"99010","Tallassee","AL","Taylor Gin and Tallassee Whse.","Elmore               ","01","Yes",".0269","3.2000","1.7500","8.00","0.00","0.0000","0.50","2025-09-01","0","no","","","0.00","0.00","0.00","0.0000","0.0000","0.0000","0.0000",""
"101020","Leighton","AL","Cotton Producers Coop Town Creek","Lawrence             ","01","Yes",".0472","7.6000","2.5000","6.00","7.50","0.0000","0.00","2025-09-01","0","no","","","0.00","0.00","0.00","0.0000","0.0000","0.0000","0.0000",""
"120945","Eloy","AZ","Anderson Clayton Warehouse","Pinal                ","06","Yes",".0424","0.0000","0.1400","8.00","9.00","0.0000","0.00","2025-08-01","0","no","","","0.00","0.00","0.00","0.0000","0.0000","0.0000","2.8000",""
"122007","Glendale","AZ","Calcot LTD Warehouse ","Maricopa             ","06","Yes",".0566","4.0000","0.1600","9.00","9.50","0.0000","1.00","2025-09-01","0","no","","","0.00","0.00","0.00","0.0000","0.0000","0.0000","0.0000",""
"122530","Eloy","AZ","Federal Compress Pichaco","Pinal                ","06","Yes",".0399","0.0000","0.1400","8.00","7.25","0.0000","0.50","2025-09-01","0","yes","","","0.00","0.00","0.00","0.0000","0.0000","0.0000","2.8000",""
"122531","Phoenix ","AZ","Updike Distribution Logistics","Maricopa             ","06","Yes",".0500","5.2500","0.1500","5.25","10.00","0.0000","0.00","2025-09-01","0","no","","","0.00","0.00","0.00","0.0000","0.0000","0.0000","3.0000",""
"129004","Blytheville","AR","Caruthersville Cotton Warehouse","Mississippi          ","01","Yes",".0491","3.0000","3.3000","10.25","8.00","0.0000","0.00","2025-09-01","0","no","","","0.00","0.00","0.00","0.0000","0.0000","0.0000","0.0000",""
"129010","Blytheville","AR","FCW- Blytheville","Mississippi          ","01","Yes",".0532","2.1000","3.2500","20.75","0.00","0.0000","0.50","2025-09-01","0","yes","","","0.00","0.00","0.00","0.0000","0.0000","0.0000","0.0000",""
"129129","Blytheville ","AR","Staplcotn Compress and Warehouse-Blytheville","Mississippi          ","01","Yes",".0378","1.8500","3.0000","4.00","7.00","3.0500","0.00","2025-09-01","0","yes","","","0.00","0.00","0.00","0.0000","0.0000","0.0000","0.0000",""
"134900","Dermott","AR","The Gin House, LLC (TGH)","Chicot               ","01","Yes",".0510","4.0000","3.2500","10.25","8.00","0.0000","0.00","2025-09-01","0","no","","","0.00","0.00","0.00","0.0000","0.0000","0.0000","0.0000",""
"136015","Dell","AR","Farmers First Gin Company","Mississippi          ","01","Yes",".0495","3.2500","3.2500","18.25","0.00","0.0000","0.00","2025-09-01","0","no","","","0.00","0.00","0.00","0.0000","0.0000","0.0000","0.0000",""
"137001","Dumas","AR","Dumas Cotton Warehouse Inc","Desha                ","01","Yes",".0531","0.6500","3.3500","19.00","0.00","3.0500","0.50","2025-09-01","0","yes","","","0.00","0.00","0.00","0.0000","0.0000","0.0000","0.0000",""
"140300","Caldwell","AR","Marianna Warehousing, LLC","St francis           ","01","Yes",".0531","1.7500","3.5000","18.25","0.00","3.0500","0.00","2025-09-01","0","no","","","0.00","0.00","0.00","0.0000","0.0000","0.0000","0.0000",""
"140301","Forrest City","AR","Marianna Warehousing LLC","St francis           ","01","Yes",".0531","1.7500","3.5000","18.25","0.00","3.0500","0.00","2025-09-01","0","no","","","0.00","0.00","0.00","0.0000","0.0000","0.0000","0.0000",""
"149500","Dyess","AR","Rabbit Ridge Gin and Warehouse, LLC","Mississippi          ","01","Yes",".0453","1.5000","2.9000","18.25","0.00","0.0000","0.00","2025-09-01","0","no","","","0.00","0.00","0.00","0.0000","0.0000","0.0000","0.0000",""
"151005","McGehee","AR","Federal Compress McGhee","Desha                ","01","Yes",".0555","2.7000","3.2500","18.25","0.00","3.0500","0.50","2025-09-01","0","yes","","","0.00","0.00","0.00","0.0000","0.0000","0.0000","0.0000",""
"152705","Manila","AR","Federal Warehouse","Mississippi          ","01","Yes",".0490","1.0000","3.5000","19.50","0.00","0.0000","0.50","2025-09-01","0","no","","","0.00","0.00","0.00","0.0000","0.0000","0.0000","0.0000",""
"153005","Marianna","AR","Marianna Warehouse","Lee                  ","01","Yes",".0531","1.7500","3.5000","18.25","0.00","3.0500","0.00","2025-09-01","0","yes","","","0.00","0.00","0.00","0.0000","0.0000","0.0000","0.0000",""
"153505","Crawfordsville","AR","Crittenden Gin Bonded Warehouse","Crittenden           ","01","Yes",".0541","5.0500","4.0000","10.00","8.00","0.0000","0.00","2025-08-01","0","no","CRITTN","92,000","6.50","0.00","0.50","2.5000","4.5000","0.0000","0.0000",""
"156002","Monette","AR","Childress Warehouse","Craighead            ","01","Yes",".0455","1.5000","3.0000","10.25","8.00","0.0000","0.00","2025-09-01","0","no","","","0.00","0.00","0.00","0.0000","0.0000","0.0000","0.0000",""
"156006","Marianna","AR","Marianna Warehousing, LLC-Plant No. 2","Lee                  ","01","Yes",".0531","1.7500","3.5000","18.25","0.00","3.0500","0.00","2025-09-01","0","no","","","0.00","0.00","0.00","0.0000","0.0000","0.0000","0.0000",""
"160006","Portland","AR","GPS Bonded Warehouse","Ashley               ","01","Yes",".0536","4.8000","3.2500","9.75","9.00","0.0000","0.00","2025-09-01","0","no","","","0.00","0.00","0.00","0.0000","0.0000","0.0000","0.0000",""
"160008","Portland","AR","Portland Compress and Warehouse, Inc.","Ashley               ","01","Yes",".0527","5.1000","3.2500","9.00","9.00","0.0000","0.00","2025-09-01","0","no","","","0.00","0.00","0.00","0.0000","0.0000","0.0000","0.0000",""
"160009","Portland","AR","Portland Gin  and Warehouse, Inc.","Ashley               ","01","Yes",".0533","4.4000","3.5000","9.75","9.00","0.0000","0.00","2025-09-01","0","yes","","","0.00","0.00","0.00","0.0000","0.0000","0.0000","0.0000",""
"166150","West Memphis","AR","Marion Distribution Center","Crittenden           ","01","Yes",".0521","2.7500","3.7500","16.00","0.00","3.0500","0.50","2025-09-01","0","no","","57,000","4.50","0.00","0.50","2.5000","4.7500","0.0000","0.0000",""
"167003","West Memphis","AR","Union Comp/W Memphis","Crittenden           ","01","Yes",".0460","2.2500","3.7500","16.50","0.00","0.0000","0.50","2025-09-01","0","yes","UNCOMP","115,080","9.50","0.00","0.50","2.5000","4.7500","0.0000","0.0000",""
"167025","West Memphis","AR","Staplcotn/W. Memphis","Crittenden           ","01","Yes",".0378","1.8500","3.0000","4.00","7.00","3.0500","0.00","2025-09-01","0","yes","STWHSE","125,000","4.00","0.00","0.00","1.8500","3.7500","0.0000","0.0000",""
"167035","West Memphis","AR","Riverbend Warehouse","Crittenden           ","01","Yes",".0521","2.7500","3.7500","16.00","0.00","3.0500","0.50","2025-09-01","0","yes","RIVBEN","130,000","4.50","0.00","0.50","2.5000","4.7500","0.0000","0.0000",""
"176000","Bakersfield","CA","Bakersfield Cotton Warehouse","Kern                 ","05","Yes",".0302","0.0000","0.1700","10.00","0.00","0.0000","0.00","2025-10-01","0","yes","","","0.00","0.00","0.00","0.0000","0.0000","0.0000","5.1000",""
"176001","Bakersfield","CA","Calcot LTD Warehouse","Kern                 ","05","Yes",".0566","4.0000","0.1600","9.00","9.50","0.0000","1.00","2025-09-01","0","no","","","0.00","0.00","0.00","0.0000","0.0000","0.0000","0.0000",""
"176006","Bakersfield","CA","Prime West Shipping Inc","Kern                 ","05","Yes",".0296","0.0000","0.1600","9.50","0.00","0.0000","0.50","2025-09-01","0","no","","","0.00","0.00","0.00","0.0000","0.0000","0.0000","0.0000",""
"177501","Fresno","CA","Fambro Warehouse Company","Fresno               ","05","Yes",".0296","0.0000","0.1600","9.50","0.00","0.0000","0.50","2025-09-01","0","no","","","0.00","0.00","0.00","0.0000","0.0000","0.0000","0.0000",""
"178580","McFarland","CA","Duncot Warehouse","Kern                 ","05","Yes",".0296","0.0000","0.1600","9.50","0.00","0.0000","0.50","2025-09-01","0","no","","","0.00","0.00","0.00","0.0000","0.0000","0.0000","0.0000",""
"201501","Jay","FL","Burkhead Warehouse","Santa rosa           ","01","Yes",".0370","3.0000","2.5000","5.50","7.00","0.0000","0.50","2025-09-01","0","no","","","0.00","0.00","0.00","0.0000","0.0000","0.0000","0.0000",""
"201505","Jay","FL","Golden Gin and Warehouse","Santa rosa           ","01","Yes",".0390","3.2500","2.7500","5.50","7.00","0.0000","1.00","2025-09-01","0","no","","","0.00","0.00","0.00","0.0000","0.0000","0.0000","0.0000",""
"208710","Walnut Hill","FL","West Florida Gin and Warehouse","Escambia             ","01","Yes",".0360","2.7500","2.5000","4.75","7.00","0.0000","1.00","2025-09-01","0","no","","","0.00","0.00","0.00","0.0000","0.0000","0.0000","0.0000",""
"213008","Albany","GA","McCleskey Cotton Company","Dougherty            ","04","Yes",".0255","3.5000","2.7500","6.50","0.00","0.0000","0.00","2025-09-01","0","no","","","0.00","0.00","0.00","0.0000","0.0000","0.0000","0.0000",""
"217517","Arlington","GA","Sunshine Warehouse","Calhoun              ","04","Yes",".0235","3.2500","3.0000","5.50","0.00","0.0000","0.00","2025-07-01","0","no","","","0.00","0.00","0.00","0.0000","0.0000","0.0000","0.0000",""
"220586","Americus","GA","Sumter County Producers Gin Warehouse","Sumter               ","04","Yes",".0220","3.5000","2.0000","5.00","0.00","0.0000","0.50","2025-03-04","0","yes","","","0.00","0.00","0.00","0.0000","0.0000","0.0000","0.0000",""
"221010","Bainbridge","GA","Decatur Gin Warehouse","Decatur              ","04","Yes",".0050","0.0000","2.5000","0.00","0.00","0.0000","0.00","2025-09-01","0","no","","","0.00","0.00","0.00","0.0000","0.0000","0.0000","0.0000",""
"222010","Bartow","GA","Bryant's, Inc.","Jefferson            ","04","Yes",".0190","3.0000","2.0000","4.50","0.00","0.0000","0.00","2025-10-01","0","no","","","0.00","0.00","0.00","0.0000","0.0000","0.0000","0.0000",""
"224505","Blakely","GA","Early County Gin Company","Early                ","04","Yes",".0053","0.0000","2.6500","0.00","0.00","0.0000","0.00","2025-04-03","22","no","","","0.00","0.00","0.00","0.0000","0.0000","0.0000","0.0000",""
"225625","Boston","GA","Boston Gin Company","Thomas               ","04","Yes",".0270","4.0000","2.5000","6.00","0.00","0.0000","1.00","2025-09-01","3","no","","","0.00","0.00","0.00","0.0000","0.0000","0.0000","0.0000",""
"227500","Bronwood","GA","McCleskey Cotton Company, LLC","Terrell              ","04","Yes",".0255","3.5000","2.7500","6.50","0.00","0.0000","0.00","2025-09-01","0","no","","","0.00","0.00","0.00","0.0000","0.0000","0.0000","0.0000",""
"228002","Brooklet","GA","Bulloch Gin Inc","Bulloch              ","04","Yes",".0230","3.5000","3.0000","4.50","0.00","0.0000","0.50","2025-08-12","0","no","","","0.00","0.00","0.00","0.0000","0.0000","0.0000","0.0000",""
"232400","Cuthbert","GA","Cotton Fortunes Inc","Randolph             ","04","Yes",".0280","4.0000","3.0000","6.00","0.00","0.0000","1.00","2025-09-01","0","no","","","0.00","0.00","0.00","0.0000","0.0000","0.0000","0.0000",""
"232401","Cuthbert","GA","The Peoples Warehouse-Cuthbert","Randolph             ","04","Yes",".0250","5.0000","2.5000","5.00","0.00","0.0000","0.00","2025-06-30","0","no","","","0.00","0.00","0.00","0.0000","0.0000","0.0000","0.0000",""
"240124","Climax","GA","Sowega Cotton, Inc.","Decatur              ","04","Yes",".0060","0.0000","3.0000","0.00","0.00","0.0000","0.00","2025-09-01","14","no","","","0.00","0.00","0.00","0.0000","0.0000","0.0000","0.0000",""
"242020","Colquitt","GA","Miller County Warehouse Company, Inc.","Miller               ","04","Yes",".0053","0.0000","2.6500","0.00","0.00","0.0000","0.00","2025-04-03","0","no","","","0.00","0.00","0.00","0.0000","0.0000","0.0000","0.0000",""
"245509","Cordele","GA","McCay Gin and Warehouse Co., Inc.","Crisp                ","04","Yes",".0390","3.0000","2.5000","5.00","8.00","0.0000","1.00","2025-07-12","0","no","","","0.00","0.00","0.00","0.0000","0.0000","0.0000","0.0000",""
"245545","Cordele","GA","Union Comp/Cordele","Crisp                ","04","Yes",".0272","3.8500","3.7500","5.00","0.00","0.0000","1.00","2025-09-01","0","yes","","","0.00","0.00","0.00","0.0000","0.0000","0.0000","0.0000",""
"253005","Dexter","GA","Dexter Bonded Warehouse","Laurens              ","04","Yes",".0405","4.0000","2.7500","5.00","8.00","0.0000","0.50","2025-08-26","0","no","","","5.00","8.00","0.00","4.0000","2.2500","0.0000","0.0000",""
"253506","Doerun","GA","Mobley Gin Company","Colquitt             ","04","Yes",".0235","3.0000","2.7500","5.00","0.00","0.0000","1.00","2025-07-07","0","no","","","0.00","0.00","0.00","0.0000","0.0000","0.0000","0.0000",""
"254002","Donalsonville","GA","Cloverleaf Warehouse Inc","Seminole             ","01","Yes",".0053","0.0000","2.6500","0.00","0.00","0.0000","0.00","2025-09-01","2","no","","","0.00","0.00","0.00","0.0000","0.0000","0.0000","0.0000",""
"255005","Douglas ","GA","Coffee County Gin Whse","Coffee               ","04","Yes",".0390","3.0000","3.0000","5.00","7.50","0.0000","1.00","2025-09-01","82","no","","","0.00","0.00","0.00","0.0000","0.0000","0.0000","0.0000",""
"255025","Douglas","GA","Tri County Gin Inc","Coffee               ","04","Yes",".0430","4.0000","3.0000","6.00","7.50","0.0000","1.00","2025-08-13","1368","no","","","0.00","0.00","0.00","0.0000","0.0000","0.0000","0.0000",""
"256030","Dublin","GA","Roche Farm and Garden Warehouse","Laurens              ","04","Yes",".0274","4.0000","3.2000","5.00","0.00","0.0000","1.50","2025-09-01","0","no","","","0.00","0.00","0.00","0.0000","0.0000","0.0000","0.0000",""
"266405","Funston","GA","Funston Gin Co","Colquitt             ","01","Yes",".0280","4.0000","3.0000","6.00","0.00","0.0000","1.00","2025-09-01","0","no","","","0.00","0.00","0.00","0.0000","0.0000","0.0000","0.0000",""
"266861","Pooler","GA","Supply Chain Management, LLC-Savannah Whse","Chatham              ","04","Yes",".0212","3.0000","0.1200","4.00","0.00","0.0000","0.00","2025-09-01","0","no","","","7.50","0.00","1.50","2.5000","5.5000","0.0000","0.0000",""
"270800","Hazelhurst","GA","South Ga Coton -Hazelhurst","Jeff davis           ","04","Yes",".0219","2.9500","3.0000","5.00","0.00","0.0000","0.00","2025-07-30","0","no","","","0.00","0.00","0.00","0.0000","0.0000","0.0000","0.0000",""
"273518","Hawkinsville","GA","Heart of Georgia Gin","Pulaski              ","04","Yes",".0140","4.0000","3.0000","0.00","0.00","0.0000","0.00","2025-07-07","0","no","","","0.00","0.00","0.00","0.0000","0.0000","0.0000","0.0000",""
"274301","Hazelhurst","GA","South Georgia Cotton Whse., Inc.","Jeff davis           ","04","Yes",".0219","2.9500","3.0000","5.00","0.00","0.0000","0.00","2025-07-30","0","no","","","0.00","0.00","0.00","0.0000","0.0000","0.0000","0.0000",""
"282100","Buena Vista","GA","Dooly County Gin LLC","Marion               ","04","Yes",".0380","3.0000","4.0000","5.50","5.00","0.0000","1.50","2024-09-02","0","no","","","0.00","0.00","0.00","0.0000","0.0000","0.0000","0.0000",""
"282101","Lenox","GA","Irwin County Warehouse, LLC- Lenox","Cook                 ","04","Yes",".0270","3.5000","3.5000","5.50","0.00","0.0000","1.00","2025-06-20","0","no","","","0.00","0.00","0.00","0.0000","0.0000","0.0000","0.0000",""
"291000","Moultrie","GA","Moultrie Warehouse and Storage LLC","Colquitt             ","04","Yes",".0275","6.0000","2.7500","4.00","0.00","0.0000","1.00","2025-10-06","0","no","","","0.00","0.00","0.00","0.0000","0.0000","0.0000","2.7500",""
"297005","Meigs","GA","Four Corners Gin Co Inc","Thomas               ","04","Yes",".0240","3.0000","3.0000","5.00","0.00","0.0000","1.00","2025-09-01","0","no","","","0.00","0.00","0.00","0.0000","0.0000","0.0000","0.0000",""
"297507","Metter","GA","Candler Gin and Warehouse","Candler              ","04","Yes",".0240","3.0000","3.0000","5.00","0.00","0.0000","1.00","2025-07-21","16","no","","","0.00","0.00","0.00","0.0000","0.0000","0.0000","0.0000",""
"297509","Metter","GA","Growers Cotton Warehouse, Inc.","Candler              ","04","Yes",".0233","3.5000","2.6500","4.50","0.00","0.0000","1.00","2025-08-26","0","no","","","4.50","0.00","1.00","3.5000","2.1000","0.0000","0.0000",""
"298007","Midville","GA","Midville Warehouse, Inc.","Burke                ","04","Yes",".0180","2.5000","2.0000","4.50","0.00","0.0000","0.00","2025-06-29","51","no","","","0.00","0.00","0.00","0.0000","0.0000","0.0000","0.0000",""
"298008","Midville","GA","Riverside Gin and Storage","Burke                ","04","Yes",".0240","3.0000","3.0000","6.00","0.00","0.0000","0.00","2025-07-10","62","no","","","0.00","0.00","0.00","0.0000","0.0000","0.0000","0.0000",""
"301535","Unadilla","GA","Trico Gin and Peanut Inc","Macon                ","04","Yes",".0260","4.0000","3.0000","6.00","0.00","0.0000","0.00","2025-05-01","0","no","","","0.00","0.00","0.00","0.0000","0.0000","0.0000","0.0000",""
"304495","Moultrie","GA","B.C.T. Gin Company Inc","Colquitt             ","04","Yes",".0065","0.0000","2.5000","0.00","0.00","0.0000","0.75","2025-06-12","0","no","","","0.00","0.00","0.00","0.0000","0.0000","0.0000","0.0000",""
"304500","Doerun","GA","Doerun Gin Company Warehouse","Colquitt             ","04","Yes",".0252","3.0000","2.6000","5.00","0.00","0.0000","2.00","2025-08-01","0","no","","","0.00","0.00","0.00","0.0000","0.0000","0.0000","0.0000",""
"304501","Moultrie","GA","Farmers Gin and Peanut Warehouse","Colquitt             ","04","Yes",".0260","3.0000","0.1000","5.00","0.00","0.0000","2.00","2025-09-01","0","no","","","0.00","0.00","0.00","0.0000","0.0000","0.0000","0.0000",""
"304552","Millen","GA","Mundy, Inc.","Jenkins              ","04","Yes",".0269","3.5000","3.8500","5.00","0.00","0.0000","1.10","2025-06-05","0","no","","","0.00","0.00","0.00","0.0000","0.0000","0.0000","0.0000",""
"304553","Madison","GA","Bostwick Gin Warehouse","Morgan               ","04","Yes",".0220","3.5000","2.2500","5.25","0.00","0.0000","0.00","2025-05-01","0","no","","","0.00","0.00","0.00","0.0000","0.0000","0.0000","0.0000",""
"306310","Enigma","GA","Dixon Gin Company","Berrien              ","04","Yes",".0070","0.0000","2.7500","0.00","0.00","0.0000","0.75","2025-09-01","88","no","","","0.00","0.00","0.00","0.0000","0.0000","0.0000","0.0000",""
"306316","Enigma ","GA","South Central GA Warehouse, Inc.","Berrien              ","04","Yes",".0220","3.0000","3.0000","5.00","0.00","0.0000","0.00","2025-09-01","167","no","","","0.00","0.00","0.00","0.0000","0.0000","0.0000","0.0000",""
"308005","Norman Park","GA","Norman Park Gin and Warehouse","Colquitt             ","04","Yes",".0255","4.0000","2.7500","6.00","0.00","0.0000","0.00","2025-07-30","0","no","","","0.00","0.00","0.00","0.0000","0.0000","0.0000","0.0000",""
"309100","Ocilla","GA","Osceola Cotton Company LLC E 1st st","Irwin                ","04","Yes",".0230","3.0000","3.0000","5.00","0.00","0.0000","0.50","2025-03-04","0","no","","","5.00","0.00","0.50","3.0000","2.2600","0.0000","0.0000",""
"309509","Omega ","GA","Irwin County Warehouse, LLC- Omega","Tift                 ","04","Yes",".0270","3.5000","3.5000","5.50","0.00","0.0000","1.00","2025-07-08","0","no","","","0.00","0.00","0.00","0.0000","0.0000","0.0000","0.0000",""
"310516","Ocilla ","GA","Osceola Cotton Warehouse","Irwin                ","04","Yes",".0230","3.0000","3.0000","5.00","0.00","0.0000","0.50","2025-03-05","402","no","","","5.00","0.00","0.50","3.0000","2.2600","0.0000","0.0000",""
"311000","Port Wentworth","GA","Savannah Distribution Center","Chatham              ","01","Yes",".0451","3.0000","3.0000","6.00","7.00","3.0500","0.50","2025-09-01","0","no","","","0.00","0.00","0.00","0.0000","0.0000","0.0000","0.0000",""
"313010","Camilla","GA","Pinecliff Planters Warehouse","Mitchell             ","04","Yes",".0250","3.5000","2.5000","5.50","0.00","0.0000","1.00","2025-07-21","176","no","","","0.00","0.00","0.00","0.0000","0.0000","0.0000","0.0000",""
"313023","Pelham","GA","The Southern Gin Co, Inc","Baker                ","04","Yes",".0260","4.0000","2.0000","6.00","0.00","0.0000","1.00","2025-09-01","8","no","","","0.00","0.00","0.00","0.0000","0.0000","0.0000","0.0000",""
"313510","Pinehurst","GA","Planters Warehouse/Pinehurst","Dooly                ","04","Yes",".0105","0.0000","4.2500","0.00","0.00","0.0000","1.00","2025-07-23","5","no","","","0.00","0.00","0.00","0.0000","0.0000","0.0000","0.0000",""
"314006","Pelham","GA","Pinecliff Peanut and Grain Inc","Mitchell             ","04","Yes",".0250","3.5000","2.5000","5.50","0.00","0.0000","1.00","2025-07-21","0","no","","","0.00","0.00","0.00","0.0000","0.0000","0.0000","0.0000",""
"316751","Rincon","GA","Supply chain Management-Rincon","Effingham            ","04","Yes",".0212","3.0000","0.1200","4.00","0.00","0.0000","0.00","2025-09-01","0","no","","","0.00","0.00","0.00","0.0000","0.0000","0.0000","0.0000",""
"326202","Statesboro","GA","Coffee County Gin co -Statesboro","Bulloch              ","04","Yes",".0390","3.0000","3.0000","5.00","7.50","0.0000","1.00","2025-09-01","0","no","","","0.00","0.00","0.00","0.0000","0.0000","0.0000","0.0000",""
"331015","Shellman","GA","The Peoples Warehouse","Randolph             ","04","Yes",".0250","5.0000","2.5000","5.00","0.00","0.0000","0.00","2025-06-30","0","no","","","0.00","0.00","0.00","0.0000","0.0000","0.0000","0.0000",""
"333503","Statesboro","GA","Southern States Coop","Bulloch              ","04","Yes",".0220","3.5000","2.5000","4.50","0.00","0.0000","0.50","2025-09-01","0","no","","","0.00","0.00","0.00","0.0000","0.0000","0.0000","0.0000",""
"335533","Taylorsville","GA","Tri County Gin Company","Bartow               ","04","Yes",".0239","3.2500","2.7000","5.00","0.00","0.0000","1.00","2025-03-17","0","no","","","0.00","0.00","0.00","0.0000","0.0000","0.0000","0.0000",""
"337525","Surrency","GA","Southeastern Gin, Inc.","Appling              ","04","Yes",".0390","3.0000","3.0000","5.00","7.50","0.0000","1.00","2025-06-23","0","no","","","0.00","0.00","0.00","0.0000","0.0000","0.0000","0.0000",""
"339007","Sycamore","GA","Sconyers Gin and Warehouse","Turner               ","04","Yes",".0290","3.7500","3.7500","6.00","0.00","0.0000","1.00","2025-06-18","0","no","","","0.00","0.00","0.00","0.0000","0.0000","0.0000","0.0000",""
"339733","Sylvania","GA","Screven Gin Co.","Screven              ","04","Yes",".0210","2.5000","2.5000","4.50","0.00","0.0000","1.00","2025-07-07","0","no","","","0.00","0.00","0.00","0.0000","0.0000","0.0000","0.0000",""
"340015","Sylvester","GA","Worth Gin & Whse, Inc","Worth                ","04","Yes",".0290","4.0000","3.0000","6.00","0.00","0.0000","1.50","2025-07-21","0","no","","","0.00","0.00","0.00","0.0000","0.0000","0.0000","0.0000",""
"340017","Savannah","GA","Staplcotn/Savannah","Chatham              ","04","Yes",".0378","1.8500","3.0000","4.00","7.00","3.0500","0.00","2025-09-01","0","no","","","0.00","0.00","0.00","0.0000","0.0000","0.0000","0.0000",""
"340100","Tifton","GA","Irwin County Whse, LLC - Tifton","Tift                 ","04","Yes",".0270","3.5000","3.5000","5.50","0.00","0.0000","1.00","2025-07-08","5","no","","","0.00","0.00","0.00","0.0000","0.0000","0.0000","0.0000",""
"345008","Waynesboro","GA","Collins Bonded Warehouse, Inc.","Burke                ","04","Yes",".0200","3.0000","2.0000","5.00","0.00","0.0000","0.00","2025-06-09","0","no","","","0.00","0.00","0.00","3.0000","1.8500","0.0000","0.0000",""
"347750","Vienna","GA","Planters Warehouse-Vienna","Dooly                ","04","Yes",".0105","0.0000","4.2500","0.00","0.00","0.0000","1.00","2025-07-23","0","no","","","0.00","0.00","0.00","0.0000","0.0000","0.0000","0.0000",""
"349526","Vienna","GA","Vienna Cotton Co Inc","Dooly                ","04","Yes",".0250","3.5000","3.0000","5.00","0.00","0.0000","1.00","2025-09-01","58","yes","","","0.00","0.00","0.00","0.0000","0.0000","0.0000","0.0000",""
"349527","Vienna","GA","West Bonded Warehouse/Dooly Gin","Dooly                ","04","Yes",".0220","3.5000","2.0000","5.00","0.00","0.0000","0.50","2025-09-01","0","no","","","0.00","0.00","0.00","0.0000","0.0000","0.0000","0.0000",""
"349529","Byromville","GA","WSB Gin and Warehouse","Dooly                ","04","Yes",".0250","3.5000","2.0000","5.00","0.00","0.0000","2.00","2025-11-19","0","yes","","","0.00","0.00","0.00","0.0000","0.0000","0.0000","0.0000",""
"350503","Wadley","GA","Farmers Gin and Stg Co","Jefferson            ","04","Yes",".0192","2.5000","1.6000","4.50","0.00","0.0000","1.00","2025-03-07","50","no","","","0.00","8.50","0.00","2.5000","1.6000","0.0000","0.0000",""
"385000","Liberal","KS","Plains Cotton Cooperative Association","Seward               ","02","Yes",".0507","5.1500","0.0650","6.25","12.00","0.0000","0.00","2025-08-01","0","no","","","0.00","0.00","0.00","0.0000","0.0000","0.0000","1.9500"," -0.0328"
"385001","Clearwater","KS","Plains Cotton Cooperative Association","Sedgwick             ","02","Yes",".0507","5.1500","0.0650","6.25","12.00","0.0000","0.00","2025-08-01","0","no","","","0.00","0.00","0.00","0.0000","0.0000","0.0000","1.9500"," -0.0107"
"400510","Alexandria","LA","Cotton Storage Inc","Rapides              ","01","Yes",".0527","5.3500","3.5000","9.00","8.50","0.0000","0.00","2025-09-01","0","yes","","","0.00","0.00","0.00","0.0000","0.0000","0.0000","0.0000",""
"406505","Ferriday","LA","Cotton Warehouse of Concordia","Concordia            ","01","Yes",".0489","4.7000","3.0000","8.50","8.25","0.0000","0.00","2025-09-01","0","no","","","0.00","0.00","0.00","0.0000","0.0000","0.0000","0.0000",""
"410020","Lake Providence","LA","Hollybrook Warehouse","East carroll         ","01","Yes",".0518","2.3500","3.5000","9.00","8.00","3.0500","0.00","2025-09-01","0","yes","","","0.00","0.00","0.00","0.0000","0.0000","0.0000","0.0000",""
"413550","New Orleans","LA","The Kearney Companies, Inc.","Orleans              ","01","Yes",".0098","0.0000","0.0800","2.50","0.00","0.0000","0.00","2025-08-01","0","no","","","0.00","0.00","0.00","0.0000","0.0000","0.0000","0.0000",""
"413551","New Orleans","LA","The Kearney Company","Orleans              ","01","Yes",".0098","0.0000","0.0800","2.50","0.00","0.0000","0.00","2025-09-01","0","no","","","0.00","0.00","0.00","0.0000","0.0000","0.0000","0.0000",""
"416010","Rayville","LA","Staplcotn/Rayville","Richland             ","01","Yes",".0389","2.4000","3.0000","4.00","7.00","3.0500","0.00","2025-09-01","0","yes","","","0.00","0.00","0.00","0.0000","0.0000","0.0000","0.0000",""
"417205","St. Joseph","LA","Tensas Warehouse, Inc.","Tensas               ","01","Yes",".0290","3.5000","3.0000","8.00","0.00","0.0000","0.00","2025-08-01","0","no","","","0.00","0.00","0.00","0.0000","0.0000","0.0000","0.0000",""
"418515","Tallulah","LA","Staplcotn/Tallulah Comp Warehouse","Madison              ","01","Yes",".0389","2.4000","3.0000","4.00","7.00","3.0500","0.00","2025-09-01","0","yes","","","0.00","0.00","0.00","0.0000","0.0000","0.0000","0.0000",""
"420002","Winnsboro","LA","Franklin Cotton Warehouse","Franklin             ","01","Yes",".0516","5.3000","3.5000","9.00","8.00","0.0000","0.00","2025-09-01","0","no","","","0.00","0.00","0.00","0.0000","0.0000","0.0000","0.0000",""
"466466","Saltillo","MS","Scruggs Farm Warehouse","Lee                  ","01","Yes",".0329","5.0000","2.5000","5.00","0.00","3.0500","0.00","2025-09-01","0","no","","","0.00","0.00","0.00","0.0000","0.0000","0.0000","0.0000",""
"467005","Belzoni","MS","FCW- Belzoni","Humphreys            ","01","Yes",".0411","1.5000","3.1500","3.75","8.00","3.0500","0.50","2025-09-01","0","no","","","0.00","0.00","0.00","0.0000","0.0000","0.0000","0.0000",""
"470012","Clarksdale","MS","North Delta Compress and Warehouse Company","Coahoma              ","01","Yes",".0496","1.8500","3.2000","7.80","8.00","3.0500","0.00","2025-09-01","0","no","","","0.00","0.00","0.00","0.0000","0.0000","0.0000","0.0000",""
"476505","Greenwood","MS","FCW- Greenwood #1","Leflore              ","01","Yes",".0411","1.5000","3.1500","3.75","8.00","3.0500","0.50","2025-09-01","0","no","","","0.00","0.00","0.00","0.0000","0.0000","0.0000","0.0000",""
"476510","Greenwood ","MS","Federal Compress Greenwood #2","Leflore              ","01","Yes",".0411","1.5000","3.1500","3.75","8.00","3.0500","0.50","2025-09-01","0","no","","","0.00","0.00","0.00","0.0000","0.0000","0.0000","0.0000",""
"476512","Greenwood","MS","Staplcotn/Rising Sun","Leflore              ","01","Yes",".0390","1.8500","3.0000","4.00","7.00","3.0500","0.00","2025-09-01","0","yes","","","0.00","0.00","0.00","0.0000","0.0000","0.0000","0.0000",""
"477005","Grenada","MS","Federal Compress Grenada","Grenada              ","01","Yes",".0411","1.5000","3.1500","3.75","8.00","3.0500","0.50","2025-09-01","0","no","","","0.00","0.00","0.00","0.0000","0.0000","0.0000","0.0000",""
"480505","Indianola","MS","Staplcotn/Indianola","Sunflower            ","01","Yes",".0390","1.8500","3.0000","4.00","7.00","3.0500","0.00","2025-09-01","0","yes","","","0.00","0.00","0.00","0.0000","0.0000","0.0000","0.0000",""
"481005","Inverness","MS","Federal Compress Inverness #1","Sunflower            ","01","Yes",".0411","1.5000","3.1500","3.75","8.00","3.0500","0.50","2025-09-01","0","no","","","0.00","0.00","0.00","0.0000","0.0000","0.0000","0.0000",""
"481010","Inverness","MS","Federal Compress Inverness #2","Adams                ","01","Yes",".0411","1.5000","3.1500","3.75","8.00","3.0500","0.50","2025-09-01","0","no","","","0.00","0.00","0.00","0.0000","0.0000","0.0000","0.0000",""
"490150","Olive Branch","MS","Anderson Clayton Desoto Warehouse","Desoto               ","01","Yes",".0524","5.0000","4.0000","8.00","8.00","0.0000","0.00","2025-08-01","0","no","","250,000","9.00","0.00","0.00","2.2500","5.0000","0.0000","4.0000",""
"499502","Tunica","MS","Staplcotn/Tunica","Tunica               ","01","Yes",".0390","1.8500","3.0000","4.00","7.00","3.0500","0.00","2025-09-01","0","no","","","0.00","0.00","0.00","0.0000","0.0000","0.0000","0.0000",""
"516004","Caruthersville","MO","Caruthersville Cotton Warehouse","Pemiscot             ","01","Yes",".0491","3.0000","3.3000","10.25","8.00","0.0000","0.00","2025-09-01","0","no","","","0.00","0.00","0.00","0.0000","0.0000","0.0000","0.0000",""
"517010","Hayti","MO","Federal Compress Hayti","Pemiscot             ","01","Yes",".0532","2.1000","3.2500","20.75","0.00","0.0000","0.50","2025-09-01","0","no","","","0.00","0.00","0.00","0.0000","0.0000","0.0000","0.0000",""
"517813","Malden","MO","Sandy Ridge Cotton Warehouse","Dunklin              ","01","Yes",".0460","0.0000","3.2500","19.75","0.00","0.0000","0.00","2025-09-01","0","no","","","0.00","0.00","0.00","0.0000","0.0000","0.0000","0.0000",""
"517814","Malden","MO","Bernie Farmers Gin Warehouse","Dunklin              ","01","Yes",".0492","1.6000","3.2500","11.25","8.00","0.0000","0.50","2025-09-01","0","no","","","0.00","0.00","0.00","0.0000","0.0000","0.0000","0.0000",""
"518085","New Madrid","MO","Bootheel Cotton Warehouse","New madrid        ","01","Yes",".0482","1.6000","3.2500","11.25","8.00","0.0000","0.00","2025-08-01","0","no","","","0.00","0.00","0.00","0.0000","0.0000","0.0000","0.0000",""
"518505","Portageville","MO","Federal Compress Portageville","New madrid        ","01","Yes",".0532","2.1000","3.2500","20.75","0.00","0.0000","0.50","2025-09-01","0","yes","","","0.00","0.00","0.00","0.0000","0.0000","0.0000","0.0000",""
"518510","Portageville","MO","Missouri Cotton Warehouse","New madrid        ","01","Yes",".0450","1.5000","2.7500","10.25","8.00","0.0000","0.00","2025-09-01","0","no","","","0.00","0.00","0.00","0.0000","0.0000","0.0000","0.0000",""
"536304","Deming","NM","Deming Bonded Warehouse","Luna                 ","01","Yes",".0466","3.5000","0.1100","6.50","10.00","0.0000","0.00","2025-10-01","0","no","","","0.00","0.00","0.00","0.0000","0.0000","0.0000","3.3000",""
"538013","Lovington","NM","Plains Cotton Cooperative Association","Lea                  ","02","Yes",".0507","5.1500","0.0650","6.25","12.00","0.0000","0.00","2025-08-01","0","no","","","0.00","0.00","0.00","0.0000","0.0000","0.0000","1.9500",""
"548900","Vado","NM","Mesa Farmers Cooperative Inc","Dona ana             ","02","Yes",".0423","3.0000","0.1300","6.00","8.25","0.0000","0.00","2025-09-01","0","no","","","0.00","0.00","0.00","0.0000","0.0000","0.0000","0.0000",""
"555225","New London","NC","Rolling Hills Bonded Warehouse","Stanly               ","01","Yes",".0197","3.3500","2.5000","4.00","0.00","0.0000","0.00","2025-10-01","0","no","","","0.00","0.00","0.00","0.0000","0.0000","0.0000","0.0000",""
"558070","Bethel","NC","Pitt County Gin and Cotton Co.","Pitt                 ","01","Yes",".0220","3.5000","2.0000","4.50","0.00","0.0000","1.00","2025-10-01","0","no","","","0.00","0.00","0.00","0.0000","0.0000","0.0000","0.0000",""
"562665","Chocowinity","NC","Cotton Growers Warehouses Inc","Beaufort             ","01","Yes",".0215","3.7500","2.5000","4.25","0.00","0.0000","0.25","2025-08-01","0","yes","","","0.00","0.00","0.00","0.0000","0.0000","0.0000","0.0000",""
"562865","Clarkton","NC","Clarkton Bonded Warehouse","Bladen               ","01","Yes",".0340","5.0000","3.0000","5.00","0.00","3.0000","1.00","2025-09-01","0","no","","","0.00","0.00","0.00","0.0000","0.0000","0.0000","0.0000",""
"565545","Dunn","NC","Quality Bonded Warehouse, LLC","Harnet  ","01","Yes",".0162","3.0000","1.6000","3.50","0.00","0.0000","0.00","2025-09-01","0","no","","","0.00","0.00","0.00","0.0000","0.0000","0.0000","0.0000",""
"565803","Elm City","NC","Elm City Warehouse","Wilson               ","01","Yes",".0225","4.0000","2.2500","4.00","0.00","0.0000","1.00","2025-12-10","0","no","","","0.00","0.00","0.00","0.0000","0.0000","0.0000","0.0000",""
"565805","Elm City","NC","Silver Lake Bale Storage 1","Wilson               ","01","Yes",".0225","4.2500","2.2500","4.25","0.00","0.0000","0.50","2025-09-15","0","no","","","0.00","0.00","0.00","4.0000","1.7000","0.0000","0.0000",""
"565806","Hobgood","NC","Davis Bonded Warehouse","Halifax              ","01","Yes",".0207","4.0000","1.8500","4.50","0.00","0.0000","0.00","2025-09-01","118","no","","","0.00","0.00","0.00","0.0000","0.0000","0.0000","0.0000",""
"565807","Edenton","NC","Staplcotn- Edenton 2-3090","Chowan               ","01","Yes",".0237","4.0000","3.0000","4.85","0.00","0.0000","0.00","2025-09-01","0","no","","","0.00","0.00","0.00","0.0000","0.0000","0.0000","0.0000",""
"566501","Edenton","NC","Albemarle Cotton Growers","Chowan               ","01","Yes",".0164","2.0000","1.7000","4.00","0.00","0.0000","0.50","2025-02-19","58","no","","","0.00","0.00","0.00","0.0000","0.0000","0.0000","0.0000",""
"566505","Tyner","NC","Edenton Bonded Warehouse","Chowan               ","01","Yes",".0154","2.0000","1.7000","4.00","0.00","0.0000","0.00","2025-07-01","0","no","","","0.00","0.00","0.00","0.0000","0.0000","0.0000","0.0000",""
"568010","Enfield","NC","Enfield Bonded Warehouse","Halifax              ","01","Yes",".0204","3.5000","1.7000","5.00","0.00","0.0000","0.00","2025-09-01","0","no","","","0.00","0.00","0.00","0.0000","0.0000","0.0000","0.0000",""
"568016","Everetts","NC","Roanoke Tar Cotton Warehouse","Martin               ","01","Yes",".0200","3.7500","2.5000","3.75","0.00","0.0000","0.00","2025-09-01","0","no","","","0.00","0.00","0.00","0.0000","0.0000","0.0000","0.0000",""
"568017","Erwin","NC","Staplcotn Compress Warehouse","Martin               ","01","Yes",".0237","4.0000","3.0000","4.85","0.00","0.0000","0.00","2025-09-01","0","no","","","0.00","0.00","0.00","0.0000","0.0000","0.0000","0.0000",""
"570240","Hertford","NC","Stallings Farms Agribusiness","Perquimans           ","01","Yes",".0169","2.0000","1.7000","4.00","0.00","0.0000","0.75","2025-08-01","0","no","","","0.00","0.00","0.00","0.0000","0.0000","0.0000","0.0000",""
"570440","Garysburg","NC","Gaston Cooperative Inc","Gaston and lincoln   ","01","Yes",".0240","4.0000","2.0000","5.00","0.00","0.0000","1.00","2025-09-01","0","no","","","0.00","0.00","0.00","0.0000","0.0000","0.0000","0.0000",""
"570505","Gastonia","NC","P and M - Avon Bonded Warehouse","Gaston and lincoln   ","01","Yes",".0157","2.3500","2.0000","3.00","0.00","0.0000","0.50","2025-09-01","0","yes","","","0.00","0.00","0.00","0.0000","0.0000","0.0000","0.0000",""
"570507","Gastonia","NC","Broad Street Bonded Warehouse","Gaston and lincoln   ","01","Yes",".0159","2.7500","1.7000","3.00","0.00","0.0000","0.50","2025-09-01","0","no","","","0.00","0.00","0.00","0.0000","0.0000","0.0000","0.0000",""
"570620","Gates","NC","Gates Cotton Gin Warehouse","Gates                ","01","Yes",".0159","2.0000","1.7000","4.00","0.00","0.0000","0.25","2025-09-01","0","no","","","0.00","0.00","0.00","0.0000","0.0000","0.0000","0.0000",""
"571536","Gatesville","NC","Ward & Nixon Warehouse","Gates                ","01","Yes",".0169","2.0000","1.7000","4.00","0.00","0.0000","0.75","2025-08-01","0","no","","","0.00","0.00","0.00","0.0000","0.0000","0.0000","0.0000",""
"576503","Jackson","NC","Cotton Growers Warehouses Inc","Northampton          ","01","Yes",".0215","3.7500","2.5000","4.25","0.00","0.0000","0.25","2025-08-01","0","yes","","","0.00","0.00","0.00","0.0000","0.0000","0.0000","0.0000",""
"576820","Kinston","NC","Bohannon Warehouse","Lenoir               ","01","Yes",".0220","3.5000","2.0000","4.50","0.00","0.0000","1.00","2025-10-01","0","no","","","0.00","0.00","0.00","0.0000","0.0000","0.0000","0.0000",""
"577277","Trenton","NC","Jones County Cotton Gin Inc","Lenoir               ","01","Yes",".0200","4.0000","2.0000","4.00","0.00","0.0000","0.00","2025-10-01","0","no","","","0.00","0.00","0.00","0.0000","0.0000","0.0000","0.0000",""
"578010","Kinston","NC","Harvey Gin and Cotton Company","Lenoir               ","01","Yes",".0220","3.5000","2.0000","4.50","0.00","0.0000","1.00","2025-10-01","0","no","","","0.00","0.00","0.00","0.0000","0.0000","0.0000","0.0000",""
"582003","Lumberton","NC","Cotton Growers Warehouses Inc","Robeson              ","01","Yes",".0215","3.7500","2.5000","4.25","0.00","0.0000","0.25","2025-08-01","0","no","","","0.00","0.00","0.00","0.0000","0.0000","0.0000","0.0000",""
"587875","Murfreesboro","NC","Producers Gin Bonded Warehouse","Hertford             ","01","Yes",".0214","4.0000","1.7000","4.50","0.00","0.0000","0.50","2025-09-01","0","no","","","0.00","0.00","0.00","0.0000","0.0000","0.0000","0.0000",""
"589209","Newton Grove ","NC","Sampson Gin Company, Inc.","Sampson              ","01","Yes",".0250","4.0000","2.5000","5.00","0.00","0.0000","1.00","2025-09-01","0","no","","","0.00","0.00","0.00","0.0000","0.0000","0.0000","0.0000",""
"590610","Pantego","NC","Coastal Carolina Gin","Beaufort             ","01","Yes",".0210","4.2500","2.0000","4.25","0.00","0.0000","0.00","2025-08-31","0","no","","","0.00","0.00","0.00","0.0000","0.0000","0.0000","0.0000",""
"593005","Raeford","NC","Hoke Cotton Warehouse and Storage","Hoke                 ","01","Yes",".0237","4.0000","3.0000","4.85","0.00","0.0000","0.00","2025-07-24","0","no","","","3.00","0.00","0.00","3.0000","1.4600","0.0000","0.0000",""
"596010","Roanoke Rapids","NC","Rosemary Bonded Warehouse","Halifax              ","01","Yes",".0240","3.5000","2.5000","5.00","0.00","0.0000","1.00","2025-09-01","0","no","","","0.00","0.00","0.00","0.0000","0.0000","0.0000","0.0000",""
"600505","Scotland Neck","NC","Edwards Bonded Warehouse","Halifax              ","01","Yes",".0230","4.2500","2.5000","4.25","0.00","0.0000","0.50","2025-09-01","0","no","","","0.00","0.00","0.00","0.0000","0.0000","0.0000","0.0000",""
"601004","Seaboard","NC","Farmers Peanut Bonded Warehouse","Northampton          ","01","Yes",".0215","3.7500","2.5000","4.25","0.00","0.0000","0.25","2025-09-01","0","no","","","0.00","0.00","0.00","0.0000","0.0000","0.0000","0.0000",""
"601006","Weldon","NC","Roanoke Ag Bonded Warehouse","Northampton          ","01","Yes",".0215","2.7500","2.6500","5.00","0.00","0.0000","0.35","2025-09-01","0","no","","","0.00","0.00","0.00","0.0000","0.0000","0.0000","0.0000",""
"602005","Shelby","NC","Royster PandM Warehouse","Cleveland            ","01","Yes",".0157","2.3500","2.0000","3.00","0.00","0.0000","0.50","2025-09-01","0","yes","","","0.00","0.00","0.00","0.0000","0.0000","0.0000","0.0000",""
"605515","Tarboro","NC","Edgecombe Bond Warehouse","Edgecombe            ","01","Yes",".0227","4.0500","2.2500","4.05","0.00","0.0000","1.00","2025-09-01","0","no","","","0.00","0.00","0.00","0.0000","0.0000","0.0000","0.0000",""
"607540","Everetts","NC","Roanoke Tar Cotton Warehouse-2-3083","Martin               ","01","Yes",".0200","3.7500","2.5000","3.75","0.00","0.0000","0.00","2025-09-01","0","no","","","0.00","0.00","0.00","0.0000","0.0000","0.0000","0.0000",""
"607541","Wilson","NC","Paxton Bonded Storage Firestone","Wilson               ","01","Yes",".0240","4.0000","2.0000","5.00","0.00","0.0000","1.00","2025-09-01","0","no","","","0.00","0.00","0.00","0.0000","0.0000","0.0000","0.0000",""
"611030","Wilson","NC","Paxton Bonded Warehouse","Wilson               ","01","Yes",".0240","4.0000","2.0000","5.00","0.00","0.0000","1.00","2025-09-01","1","yes","","","0.00","0.00","0.00","0.0000","0.0000","0.0000","0.0000",""
"631020","Altus","OK","Plains Cotton Cooperative Association","Jackson              ","02","Yes",".0507","5.1500","0.0650","6.25","12.00","0.0000","0.00","2025-08-01","218","yes","","","0.00","0.00","0.00","0.0000","0.0000","0.0000","1.9500"," -0.0150"
"676592","Bennettsville","SC","General Warehouse and Storage Co","Marlboro             ","01","Yes",".0215","4.0000","2.0000","4.75","0.00","0.0000","0.00","2025-09-01","0","no","","","0.00","0.00","0.00","0.0000","0.0000","0.0000","0.0000",""
"677503","Bishopville","SC","Cotton Growers Warehouse Inc","Lee                  ","01","Yes",".0215","3.7500","2.5000","4.25","0.00","0.0000","0.25","2025-08-01","0","yes","","","0.00","0.00","0.00","0.0000","0.0000","0.0000","0.0000",""
"682505","Cameron ","SC","Cameron Cotton and Seed Co","Calhoun              ","01","Yes",".0242","3.0000","3.0000","5.50","0.00","0.0000","0.60","2025-09-01","0","no","","","0.00","0.00","0.00","0.0000","0.0000","0.0000","0.0000",""
"689560","Clio","SC","McInnis Bonded Warehouse","Marlboro             ","01","Yes",".0265","5.0000","2.5000","5.75","0.00","0.0000","0.00","2025-09-01","0","no","","","0.00","0.00","0.00","0.0000","0.0000","0.0000","0.0000",""
"702530","Elloree","SC","Elloree Gin Company, Inc.","Orangeburg           ","01","Yes",".0195","2.7500","2.0000","4.00","0.00","0.0000","1.00","2025-02-04","0","no","","","0.00","0.00","0.00","0.0000","0.0000","0.0000","0.0000",""
"710530","Greer","SC","Staple Cotton Cooperative Association","Greenville           ","01","Yes",".0237","4.0000","3.0000","4.85","0.00","0.0000","0.00","2025-09-01","0","no","","55,000","4.00","0.00","0.00","1.8500","3.7500","0.0000","0.0000",""
"712575","Hartsville","SC","Humphrey Coker Seed Co., Inc","Darlington           ","01","Yes",".0245","3.0000","2.7500","6.00","0.00","0.0000","0.50","2025-08-30","0","no","","","0.00","0.00","0.00","0.0000","0.0000","0.0000","0.0000",""
"720600","Lake City","SC","Humphrey Coker Seed Co-lake City Whse","Florence             ","01","Yes",".0245","3.0000","2.7500","6.00","0.00","0.0000","0.50","2025-08-30","0","no","","","0.00","0.00","0.00","0.0000","0.0000","0.0000","0.0000",""
"729020","Manning","SC","United Bonded Warehouse","Clarendon            ","01","Yes",".0250","3.9000","3.0000","4.35","0.00","0.0000","1.25","2025-09-01","117","no","","","0.00","0.00","0.00","0.0000","0.0000","0.0000","0.0000",""
"731205","Dillon","SC","Minturn Bnd Cotton Warehouse","Dillon               ","01","Yes",".0215","4.0000","2.0000","4.75","0.00","0.0000","0.00","2025-09-01","0","no","","","0.00","0.00","0.00","0.0000","0.0000","0.0000","0.0000",""
"735030","North","SC","Culler Holstein Gin","Orangeburg           ","01","Yes",".0184","2.0000","2.7000","4.00","0.00","0.0000","0.50","2025-09-01","2","no","","","0.00","0.00","0.00","0.0000","0.0000","0.0000","0.0000",""
"754585","St. Matthews","SC","Middling Cotton Co., Inc.","Calhoun              ","01","Yes",".0219","3.5000","0.0820","4.50","0.00","0.0000","0.50","2025-09-15","0","no","","","0.00","0.00","0.00","0.0000","0.0000","0.0000","0.0000",""
"787010","Brownsville","TN","Hughes Warehouse","Haywood              ","01","Yes",".0448","2.1000","3.6500","5.25","8.35","3.0500","0.00","2025-09-01","0","no","","","0.00","0.00","0.00","0.0000","0.0000","0.0000","0.0000",""
"787097","Brownsville","TN","Two Way Warehouse","Haywood              ","01","Yes",".0414","2.7500","3.7000","11.20","0.00","3.0500","0.00","2025-09-01","0","no","","","0.00","0.00","0.00","0.0000","0.0000","0.0000","0.0000",""
"788008","Covington","TN","Kelcot Warehouses LLC","Tipton               ","01","Yes",".0422","3.0500","3.5500","8.50","6.00","0.0000","0.00","2025-09-01","0","no","","","0.00","0.00","0.00","0.0000","0.0000","0.0000","0.0000",""
"788020","Covington","TN","Green Point Ag- was Tn Gin","Tipton               ","01","Yes",".0391","2.0000","3.2500","14.00","0.00","0.3000","0.00","2025-09-01","0","no","","","0.00","0.00","0.00","0.0000","0.0000","0.0000","0.0000",""
"789505","Elora","TN","Elora Gin Warehouse","Lincoln              ","01","Yes",".0491","4.0000","2.2500","6.75","8.00","3.0500","0.50","2025-09-02","0","no","","","0.00","0.00","0.00","0.0000","0.0000","0.0000","0.0000",""
"790990","Halls ","TN","Halls Gin Co Inc","Lauderdale           ","01","Yes",".0415","0.0000","3.7000","14.00","0.00","3.0500","0.00","2025-09-15","0","no","","","0.00","0.00","0.00","0.0000","0.0000","0.0000","0.0000",""
"791730","Humboldt ","TN","Humboldt Cotton Warehouse","Gibson               ","01","Yes",".0430","0.0000","4.0000","14.45","0.00","3.0500","0.00","2025-09-01","0","no","","","0.00","0.00","0.00","0.0000","0.0000","0.0000","0.0000",""
"792025","Jackson","TN","West Tennessee Warehouse","Madison              ","01","Yes",".0413","0.0000","3.8000","13.80","0.00","3.0500","0.00","2025-09-01","0","no","","","0.00","0.00","0.00","0.0000","0.0000","0.0000","0.0000",""
"793960","Memphis","TN","Mallory Cotton Warehouse Division-Memphis","Shelby               ","01","Yes",".0235","2.2500","4.0000","5.50","0.00","0.0000","0.00","2025-09-01","0","no","","","0.00","0.00","0.00","0.0000","0.0000","0.0000","0.0000",""
"793961","Memphis","TN","Viterra USA-Cotton#1","Shelby               ","01","Yes",".0634","2.4500","4.0000","13.75","8.00","3.0000","0.50","2025-09-01","0","no","","116,480","13.75","0.00","0.50","2.4500","4.5000","0.0000","0.0000",""
"793962","Memphis","TN","Viterra USA LLC Cotton #2","Anderson             ","01","Yes",".0634","2.4500","4.0000","13.75","8.00","3.0000","0.50","2025-09-01","19","no","","","13.75","0.00","0.50","2.4500","4.5000","0.0000","0.0000",""
"794205","Mason","TN","Longtown Warehouse","Fayette              ","01","Yes",".0411","0.0000","3.7500","13.75","0.00","3.0500","0.00","2025-09-01","0","no","","","0.00","0.00","0.00","0.0000","0.0000","0.0000","0.0000",""
"794505","Memphis","TN","Cotton Trade Warehouse (Cargill Whse-Memphis)","Shelby               ","01","Yes",".0475","2.2500","4.2000","14.25","0.00","3.0500","0.00","2025-08-01","0","yes","CTRWHE","125,000","6.25","0.00","0.50","2.2500","4.2000","0.0000","0.0000",""
"794540","Memphis","TN","Memphis Compress Warehouse","Shelby               ","01","Yes",".0521","2.7500","3.7500","16.00","0.00","3.0500","0.50","2025-09-01","0","yes","MEMCOM","130,000","4.50","0.00","0.50","2.5000","4.7500","0.0000","0.0000",""
"794550","Memphis","TN","Producers Warehouse #1","Shelby               ","01","Yes",".0521","2.7500","3.7500","16.00","0.00","3.0500","0.50","2025-08-26","0","no","PROD#1","154,000","4.50","0.00","0.50","2.5000","4.7500","0.0000","0.0000",""
"794553","Memphis","TN","Producers Warehouse #3","Shelby               ","01","Yes",".0521","2.7500","3.7500","16.00","0.00","3.0500","0.50","2025-09-01","0","yes","PROD#3","48,000","4.50","0.00","0.50","2.5000","4.7500","0.0000","0.0000",""
"794555","Memphis","TN","Producers Warehouse #2","Shelby               ","01","Yes",".0521","2.7500","3.7500","16.00","0.00","3.0500","0.50","2025-09-01","0","yes","PROD#2","62,500","4.50","0.00","0.50","2.5000","4.7500","0.0000","0.0000",""
"794560","Memphis","TN","The Distribution Center","Shelby               ","01","Yes",".0521","2.7500","3.7500","16.00","0.00","3.0500","0.50","2025-09-01","0","no","DIST#1","70,000","4.50","0.00","0.50","2.5000","4.7500","0.0000","0.0000",""
"794598","Memphis","TN","River CityWarehouse","Shelby               ","01","Yes",".0544","3.6000","3.5000","8.60","8.00","3.0000","0.50","2025-09-01","0","yes","","110,000","4.25","0.00","0.50","2.2500","4.1500","0.0000","0.0000",""
"795005","Milan","TN","Milan Compress Warehouse","Gibson               ","01","Yes",".0430","0.0000","4.0000","14.45","0.00","3.0500","0.00","2025-09-01","0","yes","","","0.00","0.00","0.00","0.0000","0.0000","0.0000","0.0000",""
"795007","Memphis","TN","Total Commodity Warehouse","Shelby               ","01","Yes",".0545","3.6000","3.5000","8.60","8.00","3.0500","0.50","2025-09-01","0","no","SUNBTC","70,000","4.25","0.00","0.50","2.2500","4.1500","0.0000","0.0000",""
"795026","Memphis","TN","International Cotton Depots Plant 4","Shelby               ","01","Yes",".0402","2.5000","4.0000","13.00","0.00","0.0000","0.60","2025-08-01","0","no","ICD # 4","36,000","5.00","0.00","0.60","2.5000","4.0000","0.0000","0.0000",""
"797660","Somerville","TN","Oak Grove Gin and Warehouse LLC","Fayette              ","01","Yes",".0413","1.4000","3.6000","12.10","0.00","3.0500","0.50","2025-09-01","0","no","","","0.00","0.00","0.00","0.0000","0.0000","0.0000","0.0000",""
"810001","Amarillo","TX","FCC-High Plains Division Amarillo","Randall              ","02","Yes",".0472","4.3500","0.0750","5.75","11.25","0.0000","0.00","2025-09-01","489","no","","","0.00","0.00","0.00","0.0000","0.0000","0.0000","2.2500"," -0.0028"
"810002","Amarillo","TX","Amarillo Cotton Warehouse","Randall              ","02","Yes",".0478","5.0000","0.0800","6.25","10.25","0.0000","0.00","2025-09-01","0","no","","","0.00","0.00","0.00","0.0000","0.0000","0.0000","2.4000","  0.0014"
"810003","Amarillo","TX","Amarillo Cotton Warehouse","Randall              ","02","Yes",".0478","5.0000","0.0800","6.25","10.25","0.0000","0.00","2025-09-01","0","no","","","0.00","0.00","0.00","0.0000","0.0000","0.0000","2.4000"," -0.0050"
"810535","Amarillo","TX","Amarillo Cotton Warehouse","Randall              ","02","Yes",".0478","5.0000","0.0800","6.25","10.25","0.0000","0.00","2025-09-01","49","no","","","0.00","0.00","0.00","0.0000","0.0000","0.0000","2.4000"," -0.0060"
"810537","Abernathy","TX","City Gin Cotton Warehouse, LLC","Hale                 ","02","Yes",".0465","4.7500","2.5000","6.00","10.00","0.0000","0.00","2025-09-01","0","no","","","0.00","0.00","0.00","0.0000","0.0000","0.0000","0.0000","  0.0022"
"810538","Amarillo","TX","Amarillo Cotton Warehouse","Randall              ","02","Yes",".0478","5.0000","0.0800","6.25","10.25","0.0000","0.00","2025-09-01","35","no","","","0.00","0.00","0.00","0.0000","0.0000","0.0000","2.4000"," -0.0060"
"819202","Baytown","TX","Cargill Cotton Baytown","Chambers             ","03","Yes",".0589","4.5000","4.2500","7.50","10.15","3.0500","0.00","2025-08-01","0","no","","110,000","7.50","0.00","0.50","2.5000","4.2500","0.0000","0.0000","  0.0300"
"820010","Ballinger","TX","Ballinger Cotton Warehouse Co. ","Runnels              ","02","Yes",".0524","5.1000","0.0950","6.25","12.00","0.0000","0.00","2025-09-01","11","no","","","0.00","0.00","0.00","0.0000","0.0000","0.0000","2.8500"," -0.0009"
"828031","Brownfield","TX","Brownfield Compress","Terry                ","02","Yes",".0467","4.7500","0.0800","5.45","9.75","0.0000","1.00","2025-09-01","269","yes","","","0.00","0.00","0.00","0.0000","0.0000","0.0000","2.5000","  0.0032"
"829535","Bryan","TX","Taylor Compress #2 Bryan","Brazos               ","03","Yes",".0535","4.5000","3.5000","6.75","12.00","0.0000","0.00","2025-07-01","0","no","","","0.00","0.00","0.00","0.0000","0.0000","0.0000","0.0000"," -0.0112"
"829537","Big Spring ","TX","Plains Cotton Cooperative Assoc","Howard               ","02","Yes",".0507","5.1500","0.0650","6.25","12.00","0.0000","0.00","2025-08-01","90","no","","","0.00","0.00","0.00","0.0000","0.0000","0.0000","1.9500"," -0.0075"
"840509","Sweetwa-GULF","TX","Gulf Compress","Nolan                ","03","Yes",".0540","5.5000","4.0000","17.50","0.00","0.0000","0.00","2025-07-01","3","no","","","0.00","0.00","0.00","0.0000","0.0000","0.0000","0.0000"," -0.0057"
"840510","Portland","TX","Gulf Compress Unit #4","San patricio         ","03","Yes",".0540","5.5000","4.0000","17.50","0.00","0.0000","0.00","2025-07-01","12","yes","","","0.00","0.00","0.00","0.0000","0.0000","0.0000","0.0000"," -0.0100"
"840512","Corpus Christi","TX","Gulf Compress #1","Nueces               ","03","Yes",".0540","5.5000","4.0000","17.50","0.00","0.0000","0.00","2025-07-01","5","yes","","","0.00","0.00","0.00","0.0000","0.0000","0.0000","0.0000"," -0.0100"
"840513","Corpus Christi","TX","Gulf Compress #2","Nueces               ","03","Yes",".0540","5.5000","4.0000","17.50","0.00","0.0000","0.00","2025-07-01","0","yes","","","0.00","0.00","0.00","0.0000","0.0000","0.0000","0.0000"," -0.0100"
"840516","Taylor","TX","Gulf Compress #10","Williamson           ","03","Yes",".0540","5.5000","4.0000","17.50","0.00","0.0000","0.00","2025-07-01","0","no","","","0.00","0.00","0.00","0.0000","0.0000","0.0000","0.0000"," -0.0157"
"843000","Denver City","TX","Suncot Warehouse, LLC","Yoakum               ","02","Yes",".0452","4.7400","0.23","5.70","9.74","0.0000","0.00","2025-09-01","0","no","","","0.00","0.00","0.00","0.0000","0.0000","0.0000","2.5500"," -0.0060"
"843002","Desoto","TX","East Centre Park Cotton Warehouse","Dallas               ","03","Yes",".0290","2.7500","5.2500","6.50","0.00","0.0000","0.00","2025-08-01","0","no","","","0.00","0.00","0.00","0.0000","0.0000","0.0000","0.0000","  0.0105"
"843003","Desoto","TX","Mariner Logistics, LLC","Dallas               ","02","Yes",".0300","2.7500","5.5000","6.75","0.00","0.0000","0.00","2025-10-01","0","no","","","0.00","0.00","0.00","0.0000","0.0000","0.0000","0.0000","  0.0005"
"846847","Dallas","TX","Olam dba Anderson Clayton - Dallas TX Warehouse #1","Dallas               ","03","Yes",".0540","7.0000","4.0000","8.00","8.00","0.0000","0.00","2025-08-01","0","no","","170,000","9.00","0.00","0.00","2.2500","5.0000","0.0000","4.0000",""
"848548","El Campo","TX","United Agricultural Cooperative, Inc. Cotton Warehouse","Wharton              ","03","Yes",".0540","5.5000","4.0000","17.50","0.00","0.0000","0.00","2025-07-01","2","no","","","0.00","0.00","0.00","0.0000","0.0000","0.0000","0.0000"," -0.0200"
"853007","Ft Worth ","TX","Ft Worth Commodity Warehouse","Tarrant              ","02","Yes",".0680","5.5000","3.5000","6.00","18.50","0.0000","0.50","2025-07-01","0","no","","65,000","7.50","0.00","0.50","2.3500","4.1500","0.0000","0.0000","  0.0000"
"857500","Grand Prairie","TX","Dallas Warehouse Company, LLC","Tarrant              ","03","Yes",".0572","4.7500","4.2500","7.50","10.50","0.0000","1.60","2025-07-01","4","no","","63,500","7.80","0.00","0.55","4.7500","5.0000","0.0000","0.0000",""
"858053","Galveston","TX","Moody Compress and Warehouse #1","Galveston            ","03","Yes",".0572","4.7500","4.2500","7.50","10.50","0.0000","1.60","2025-07-01","0","yes","MOODCM","77,200","7.50","0.00","1.60","4.7500","5.0000","0.0000","0.0000"," -0.0150"
"858054","Galveston","TX","Moody Compress and Warehouse #2","Galveston            ","03","Yes",".0572","4.7500","4.2500","7.50","10.50","0.0000","1.60","2025-07-01","0","yes","MOOD#2","37,180","7.50","0.00","1.60","4.7500","5.0000","0.0000","0.0000"," -0.0150"
"858055","Galveston","TX","Moody Compress and Warehouse #3","Galveston            ","03","Yes",".0572","4.7500","4.2500","7.50","10.50","0.0000","1.60","2025-07-01","0","yes","MOOD#3","20,000","7.50","0.00","1.60","4.7500","5.0000","0.0000","0.0000"," -0.0150"
"858056","Galveston","TX","Moody Compress and Warehouse #4","Galveston            ","03","Yes",".0572","4.7500","4.2500","7.50","10.50","0.0000","1.60","2025-07-01","1","yes","MOOD#9","19,120","7.50","0.00","1.60","4.7500","5.0000","0.0000","0.0000"," -0.0150"
"858063","Houston","TX","Moody Compress and Warehouse #6","Harris               ","03","Yes",".0572","4.7500","4.2500","7.50","10.50","0.0000","1.60","2025-07-01","0","no","","98,000","7.50","0.00","1.60","4.7500","5.0000","0.0000","0.0000"," -0.0150"
"858065","Galveston","TX","Southern Comp and Warehouse Co.","Galveston            ","03","Yes",".0550","5.5000","4.0000","7.50","10.00","0.0000","0.50","2025-07-01","0","yes","SOUTCM","75,000","7.25","0.00","0.50","2.7500","4.7500","0.0000","0.0000",""
"858078","Garden City ","TX","Glasscock County Co-Op Cotton Warehouses","Glasscock            ","02","Yes",".0503","5.2500","2.6500","6.25","11.00","0.0000","0.00","2025-09-01","0","no","","","0.00","0.00","0.00","0.0000","0.0000","0.0000","0.0000"," -0.0150"
"866503","Harlingen","TX","Harlingen Compress Company","Cameron              ","03","Yes",".0470","3.0000","3.0000","9.50","8.00","0.0000","0.00","2025-07-01","0","yes","","","0.00","0.00","0.00","0.0000","0.0000","0.0000","0.0000"," -0.0112"
"866505","Harlingen","TX","Valley Compress Company","Cameron              ","03","Yes",".0456","3.0000","2.8000","9.00","8.00","0.0000","0.00","2025-07-01","0","no","","","0.00","0.00","0.00","0.0000","0.0000","0.0000","0.0000"," -0.0100"
"867017","Stamford","TX","Haskell Cotton Warehouse","Haskell              ","02","Yes",".0518","5.1500","2.5000","6.25","12.00","0.0000","0.00","2025-09-01","0","no","","","0.00","0.00","0.00","0.0000","0.0000","0.0000","0.0000",""
"871048","Houston","TX","Houston Commodity Warehouse","Harris               ","03","Yes",".0520","5.0000","4.0000","7.00","9.50","0.0000","0.50","2025-07-01","1","no","SUNBHO","85,000","7.50","0.00","0.50","2.3500","4.1500","0.0000","0.0000","  0.0000"
"871049","Houston","TX","Houston Commodity Warehouse #2","Harris               ","03","Yes",".0510","5.0000","4.0000","7.00","9.50","0.0000","0.00","2025-09-01","0","no","","","7.50","0.00","0.50","2.5000","4.2500","0.0000","0.0000","  0.0000"
"875260","Desoto","TX","Supply Chain Management- Desoto","Dallas               ","02","Yes",".0212","3.0000","0.1200","4.00","0.00","0.0000","0.00","2025-09-01","0","no","","110,000","7.50","0.00","0.50","2.2500","5.5000","0.0000","0.0000",""
"880533","Lamesa","TX","Lamesa Warehouse","Dawson               ","02","Yes",".0467","4.7500","0.0800","5.45","9.75","0.0000","1.00","2025-09-01","68","no","","","0.00","0.00","0.00","0.0000","0.0000","0.0000","2.5000","  0.0029"
"882008","Levelland","TX","FCC-Levelland Plant","Hockley              ","02","Yes",".0472","4.3500","0.0750","5.75","11.25","0.0000","0.00","2025-09-01","626","yes","","","0.00","0.00","0.00","0.0000","0.0000","0.0000","2.2500"," -0.0066"
"884033","Lockney","TX","HCC-Lockney Warehouse","Floyd                ","02","Yes",".0465","4.1000","0.0800","5.00","11.25","0.0000","0.50","2025-09-01","0","no","","","0.00","0.00","0.00","0.0000","0.0000","0.0000","2.4000",""
"886506","Lubbock","TX","Farmers Cooperative Compress","Lubbock              ","02","Yes",".0472","4.3500","0.0750","5.75","11.25","0.0000","0.00","2025-09-01","62","yes","","","0.00","0.00","0.00","0.0000","0.0000","0.0000","2.2500"," -0.0060"
"886509","Lubbock","TX","Farmers Compress Coop #2","Lubbock              ","02","Yes",".0472","4.3500","0.0750","5.75","11.25","0.0000","0.00","2025-09-01","580","yes","","","0.00","0.00","0.00","0.0000","0.0000","0.0000","2.2500"," -0.0014"
"886512","Lubbock","TX","Farmers Coop Compress #3","Lubbock              ","02","Yes",".0472","4.3500","0.0750","5.75","11.25","0.0000","0.00","2025-09-01","137","yes","","","0.00","0.00","0.00","0.0000","0.0000","0.0000","2.2500"," -0.0014"
"886517","Lubbock","TX","Farmers Coop Compress #4","Lubbock              ","02","Yes",".0472","4.3500","0.0750","5.75","11.25","0.0000","0.00","2025-09-01","0","yes","","","0.00","0.00","0.00","0.0000","0.0000","0.0000","2.2500"," -0.0014"
"886520","Lubbock","TX","Farmers Coop Compress #5","Lubbock              ","02","Yes",".0472","4.3500","0.0750","5.75","11.25","0.0000","0.00","2025-09-01","226","yes","","","0.00","0.00","0.00","0.0000","0.0000","0.0000","2.2500"," -0.0014"
"886533","Lubbock","TX","Lubbock Compress","Lubbock              ","02","Yes",".0467","4.7500","0.0800","5.45","9.75","0.0000","1.00","2025-09-01","0","yes","","","0.00","0.00","0.00","0.0000","0.0000","0.0000","2.5000","  0.0038"
"886570","Lubbock","TX","Lov-Cot Warehouse, L.P.","Lubbock              ","02","Yes",".0465","4.1000","0.0800","5.00","11.25","0.0000","0.50","2025-09-01","6","no","","","0.00","0.00","0.00","0.0000","0.0000","0.0000","2.4000","  0.0008"
"886623","Laredo","TX","Mallory Alexander International Logistics-Laredo","Webb                 ","03","Yes",".0330","4.7500","4.2500","7.50","0.00","0.0000","0.00","2025-09-01","0","no","","","6.50","0.00","0.50","2.7500","5.2500","0.0000","0.0000","  0.0000"
"898030","Weslaco","TX","CIL- Prev-Colimar Inc","Hidalgo              ","03","Yes",".0588","6.0000","3.4000","8.25","11.75","0.0000","0.00","2025-07-01","0","no","","","0.00","0.00","0.00","0.0000","0.0000","0.0000","0.0000"," -0.0150"
"904033","O'donnell","TX","O'Donnell Warehouse","Lynn                 ","02","Yes",".0467","4.7500","0.0800","5.45","9.75","0.0000","1.00","2025-09-01","0","no","","","0.00","0.00","0.00","0.0000","0.0000","0.0000","2.5000"," -0.0010"
"906015","Paducah","TX","Panhandle Compress Co.","Cottle               ","02","Yes",".0478","5.0000","0.0800","6.25","10.25","0.0000","0.00","2025-09-01","0","yes","","","0.00","0.00","0.00","0.0000","0.0000","0.0000","2.4000"," -0.0025"
"911510","Plainview","TX","Panhandle Compress","Hale                 ","02","Yes",".0480","5.1000","0.0800","6.25","10.25","0.0000","0.00","2025-09-01","0","yes","","","0.00","0.00","0.00","0.0000","0.0000","0.0000","2.4000","  0.0011"
"911520","Plainview","TX","Plainview Cooperative Compress #7","Hale                 ","02","Yes",".0472","4.3500","0.0750","5.75","11.25","0.0000","0.00","2025-09-01","845","yes","","","0.00","0.00","0.00","0.0000","0.0000","0.0000","2.2500"," -0.0006"
"911525","Plainview","TX","Plainview Cooperative Compress #6","Hale                 ","02","Yes",".0472","4.3500","0.0750","5.75","11.25","0.0000","0.00","2025-09-01","1998","yes","","","0.00","0.00","0.00","0.0000","0.0000","0.0000","2.2500"," -0.0060"
"911533","Plainview","TX","HCC-Plainview","Hale                 ","02","Yes",".0465","4.1000","0.0800","5.00","11.25","0.0000","0.50","2025-09-01","0","yes","","","0.00","0.00","0.00","0.0000","0.0000","0.0000","2.4000"," -0.0009"
"913030","Post ","TX","Panhandle Compress","Garza                ","02","Yes",".0480","5.1000","0.0800","6.25","10.25","0.0000","0.00","2025-09-01","360","no","","","0.00","0.00","0.00","0.0000","0.0000","0.0000","2.4000","  0.0005"
"913054","Pasadena","TX","Supply Chain Management LLC.","Harris               ","03","Yes",".0212","3.0000","0.1200","4.00","0.00","0.0000","0.00","2025-09-01","0","no","","65,000","7.50","0.00","0.50","2.2500","5.5000","0.0000","0.0000","  0.0000"
"913055","Tulia","TX","Amarillo Cotton Warehouse Tulia","Anderson             ","02","Yes",".0478","5.0000","0.0800","6.25","10.25","0.0000","0.00","2025-09-01","0","no","","","0.00","0.00","0.00","0.0000","0.0000","0.0000","2.4000","  0.0012"
"914510","Quanah ","TX","Panhandle Comp Quanah","Hardeman             ","02","Yes",".0478","5.0000","0.0800","6.25","10.25","0.0000","0.00","2025-09-01","53","yes","","","0.00","0.00","0.00","0.0000","0.0000","0.0000","2.4000"," -0.0010"
"916501","Ralls","TX","Ralls Compress and Warehouse","Crosby               ","02","Yes",".0467","4.7500","0.0800","5.45","9.75","0.0000","1.00","2024-09-01","0","no","","","0.00","0.00","0.00","0.0000","0.0000","0.0000","2.5000","  0.0053"
"916710","Raymondville","TX","Gulf Compress #5","Willacy              ","03","Yes",".0500","3.5000","4.0000","17.50","0.00","0.0000","0.00","2025-07-01","0","yes","","","0.00","0.00","0.00","0.0000","0.0000","0.0000","0.0000"," -0.0160"
"916711","Raymondville","TX","Gulf Compress #6","Willacy              ","03","Yes",".0500","3.5000","4.0000","17.50","0.00","0.0000","0.00","2025-07-01","1","yes","","","0.00","0.00","0.00","0.0000","0.0000","0.0000","0.0000"," -0.0160"
"916712","Raymondville","TX","Gulf Compress (North Plant#7)","Cameron              ","03","Yes",".0540","5.5000","4.0000","17.50","0.00","0.0000","0.00","2025-07-01","0","no","","","0.00","0.00","0.00","0.0000","0.0000","0.0000","0.0000"," -0.0120"
"925011","Grand Prairie","TX","Dallas Warehouse Company, LLC","Tarrant              ","02","Yes",".0572","4.7500","4.2500","7.50","10.50","0.0000","1.60","2025-07-01","0","no","","130,000","7.80","0.00","0.55","4.7500","5.0000","0.0000","0.0000",""
"925012","Rule","TX","Plains Cotton Cooperative Association","Haskell              ","02","Yes",".0507","5.1500","0.0650","6.25","12.00","0.0000","0.00","2025-08-01","291","no","","","0.00","0.00","0.00","0.0000","0.0000","0.0000","1.9500"," -0.0075"
"925013","Willacy County","TX","CIL Warehouse","Willacy              ","03","Yes",".0588","6.0000","3.4000","8.25","11.75","0.0000","0.00","2025-07-01","0","no","","","0.00","0.00","0.00","0.0000","0.0000","0.0000","0.0000"," -0.0150"
"926005","San Angelo ","TX","Ballinger Cotton Warehouse Co.","Tom green            ","02","Yes",".0524","5.1000","0.0950","6.25","12.00","0.0000","0.00","2025-09-01","0","no","","","0.00","0.00","0.00","0.0000","0.0000","0.0000","2.8500"," -0.0010"
"928532","Seagraves","TX","Seagraves Compress","Gaines               ","02","Yes",".0467","4.7500","0.0800","5.45","9.75","0.0000","1.00","2025-09-01","497","yes","","","0.00","0.00","0.00","0.0000","0.0000","0.0000","2.5000","  0.0038"
"928715","Sebastian","TX","Willacy Cotton Warehouse","Willacy              ","03","Yes",".0500","3.5000","4.0000","8.00","9.50","0.0000","0.00","2025-07-09","0","no","","","0.00","0.00","0.00","0.0000","0.0000","0.0000","0.0000"," -0.0150"
"935002","Stanton","TX","Stanton Compress and Warehouse","Martin               ","02","Yes",".0472","4.3500","0.0750","5.75","11.25","0.0000","0.00","2025-09-01","689","yes","","","0.00","0.00","0.00","0.0000","0.0000","0.0000","2.2500","  0.0017"
"936006","Sudan","TX","FCC-Sudan","Lamb                 ","02","Yes",".0472","4.3500","0.0750","5.75","11.25","0.0000","0.00","2025-09-01","2910","yes","","","0.00","0.00","0.00","0.0000","0.0000","0.0000","2.2500"," -0.0060"
"937530","Sweetwater","TX","Plains Cotton Cooperative Association","Nolan                ","02","Yes",".0507","5.1500","0.0650","6.25","12.00","0.0000","0.00","2025-08-01","1667","no","","","0.00","0.00","0.00","0.0000","0.0000","0.0000","1.9500"," -0.0060"
"937534","Snyder","TX","Ballinger Cotton Warehouse Co. - Plant 3","Scurry               ","02","Yes",".0524","5.1000","0.0950","6.25","12.00","0.0000","0.00","2025-09-01","0","no","","","0.00","0.00","0.00","0.0000","0.0000","0.0000","2.8500"," -0.0009"
"937535","Seminole","TX","Oasis Warehouse LLC","Gaines               ","02","Yes",".0453","4.7500","0.0800","5.75","9.75","0.0000","0.00","2025-09-01","0","no","","","0.00","0.00","0.00","0.0000","0.0000","0.0000","2.5500"," -0.0075"
"939033","Tahoka","TX","Tahoka Warehouse","Lynn                 ","02","Yes",".0467","4.7500","0.0800","5.45","9.75","0.0000","1.00","2025-09-01","0","no","","","0.00","0.00","0.00","0.0000","0.0000","0.0000","2.5000","  0.0042"
"940015","Taylor","TX","Taylor Compress","Williamson           ","03","Yes",".0535","4.5000","3.5000","6.75","12.00","0.0000","0.00","2025-07-01","3","no","","","0.00","0.00","0.00","0.0000","0.0000","0.0000","0.0000"," -0.0150"
"940025","Taylor","TX","Taylor Compress Plant #3","Williamson           ","03","Yes",".0535","4.5000","3.5000","6.75","12.00","0.0000","0.00","2025-07-01","0","no","","","0.00","0.00","0.00","0.0000","0.0000","0.0000","0.0000"," -0.0150"
"944344","Tornillo","TX","Valley Gin Company","El paso              ","03","Yes",".0407","3.2500","0.1200","6.25","7.25","0.0000","0.00","2025-10-01","5","no","","","0.00","0.00","0.00","0.0000","0.0000","0.0000","0.0000"," -0.0300"
"944708","Tulia","TX","Tulia Cotton Warehouse","Swisher              ","02","Yes",".0478","5.0000","0.0800","6.25","10.25","0.0000","0.00","2025-09-01","88","no","","","0.00","0.00","0.00","0.0000","0.0000","0.0000","2.4000"," -0.0075"
"947505","Vernon","TX","Vernon Compress Company","Wilbarger            ","02","Yes",".0447","4.5000","2.1000","6.00","9.75","0.0000","0.00","2025-08-01","0","no","","","0.00","0.00","0.00","0.0000","0.0000","0.0000","0.0000","  0.0000"
"976503","Emporia","VA","Hawkins Bonded Warehouse","Greensville          ","01","Yes",".0260","4.2500","2.5000","4.75","0.00","0.0000","1.50","2025-08-05","0","no","","","0.00","0.00","0.00","0.0000","0.0000","0.0000","0.0000",""
"976505","Emporia","VA","Mid-Atlantic Warehouse and Gin","Southampton          ","01","Yes",".0240","3.5000","2.5000","5.00","0.00","0.0000","1.00","2025-10-01","0","no","","","0.00","0.00","0.00","0.0000","0.0000","0.0000","0.0000",""
"985505","Suffolk","VA","Suffolk Cotton Gin Warehouse","Suffolk","01","Yes",".0225","4.0000","2.2500","4.00","0.00","0.0000","1.00","2025-09-01","0","no","","","0.00","0.00","0.00","0.0000","0.0000","0.0000","0.0000",""
"998008","Windsor","VA","Commonwealth Cotton Warehouse","Isle of wight        ","01","Yes",".0226","3.7500","1.7800","5.00","0.00","0.0000","0.75","2025-09-01","0","no","","","0.00","0.00","0.00","0.0000","0.0000","0.0000","0.0000",""
