Warehouse,Region,Export,Port,Name,City,State,ESO,Flat Bed Fees,Late Fees,Transportation Adjust,Misc Fees,Grace Period
111,Eastern Rule 1,ER5,Savannah,Black Belt Gin Inc.,SELMA,AL,,,,,,
520,Eastern Rule 5,ER5,Savannah,Moseley Intl. Inc.,Abbeville,XX,,,,,,
1100,Eastern Rule 5,ER5,Savannah,Associated Growers Gin & Whse-Athens,Athens,AL,,,,,,
4004,Eastern Rule 5,ER5,Savannah,Covington Gin Company,Andalusia,AL,,,,,,
11515,Eastern Rule 5,ER5,Memphis,South Limestone Coop,Belle Mina,AL,,,,,,
22715,Eastern Rule 5,ER5,Savannah,"Plaza Cotton Storage, LLC",Centre,AL,,,,,,
29010,Eastern Rule 5,ER5,Memphis,Servico Warehouse,CourtlandFINCH,AL,,,,,,
31400,Eastern Rule 5,ER5,Savannah,5-Lock Gin,Dothan,AL,,,,,,
32035,Eastern Rule 5,ER5,Memphis,Union Comp/Decatur,Decatur,AL,,,,,,
34512,Eastern Rule 5,ER5,Savannah,Fuller Warehouse and Gin,Eclectic,AL,,,,,,
36016,Eastern Rule 5,ER5,Savannah,Coffee Gin Co LLC Whse,Enterprise,AL,,,,,,
39720,Eastern Rule 5,ER5,Memphis,Oakland Gin Co.,Florence,AL,,,,,,
39770,Eastern Rule 5,ER5,Memphis,"Scruggs and Vaden Warehouse, LLC",Florence,AL,,,,,,
51005,Eastern Rule 5,ER5,Savannah,Sowega Cotton,Hartford,AL,,,,,,
52020,Eastern Rule 5,ER5,Savannah,Henry County Gin,Headland,AL,,,,,,
52650,Eastern Rule 5,ER5,Memphis,Hillsboro Gin Company Inc,Hillsboro,AL,,,,,,
54205,Eastern Rule 5,ER5,Savannah,Holtville Gin and Warehouse,Deatsville,AL,,,,,,
62306,Eastern Rule 5,ER5,Savannah,"Loxley Warehouses, LLC",Loxley,AL,,,,,,
63010,Eastern Rule 5,ER5,Savannah,McCullough Bonded Warehouse,McCullough,AL,,,,,,
73073,Eastern Rule 5,ER5,Memphis,Cotton Growers Coop Inc - New Market,New Market,AL,,,,,,
96505,Eastern Rule 5,ER5,Savannah,"Marengo Warehouse, Inc.",Sweet Water,AL,,,,,,
99010,Eastern Rule 5,ER5,Savannah,Taylor Gin and Tallassee Whse.,Tallassee,AL,,,,,,
101020,Eastern Rule 5,ER5,Memphis,Cotton Producers Coop Town Creek,Leighton,AL,,,,,,
120945,Southwest,,Los Angeles,Anderson Clayton Warehouse,Eloy,AZ,,,,,,
122007,Southwest,,Los Angeles,Calcot LTD Warehouse,Glendale,AZ,,,,,,
122530,Southwest,,Los Angeles,Federal Compress Pichaco,Eloy,AZ,,,,,,24 hrs
122531,Southwest,,Los Angeles,Updike Distribution Logistics,Phoenix,AZ,,,,,,
129004,Memphis Rule 5,MR5,Memphis,Caruthersville Cotton Warehouse,Blytheville,AR,,,,,,
129010,Memphis Rule 5,MR5,Memphis,FCW- Blytheville,Blytheville,AR,,,,,,24 hrs
129129,Memphis Rule 5,MR5,Memphis,Staplcotn Compress and Warehouse-Blytheville,Blytheville,AR,,,,,,
134900,Memphis Rule 5,MR5,Memphis,"The Gin House, LLC (TGH)",Dermott,AR,,,,,,
517814,Memphis Rule 5,MR5,Memphis,Bernie Farmers Gin Warehouse,Malden,MO,,,,,,
137001,Memphis Rule 5,MR5,Memphis,Dumas Cotton Warehouse Inc,Dumas,AR,,,2.5,,,
140300,Memphis Rule 5,MR5,Memphis,"Marianna Warehousing, LLC",Caldwell,AR,,,,,,
140301,Memphis Rule 5,MR5,Memphis,Marianna Warehousing LLC,Forrest City,AR,,,,,,
149500,Memphis Rule 5,MR5,Memphis,"Rabbit Ridge Gin and Warehouse, LLC",Dyess,AR,,,,,,
151005,Memphis Rule 5,MR5,Memphis,Federal Compress McGhee,McGehee,AR,,,,,,24 hrs
152705,Memphis Rule 5,MR5,Memphis,Federal Warehouse,Manila,AR,,,,,,24 hrs
153005,Memphis Rule 5,MR5,Memphis,Marianna Warehouse,Marianna,AR,,,,,,
153505,Memphis Rule 5,MR5,Memphis,Crittenden Gin Bonded Warehouse,Crawfordsville,AR,,,,,,
156002,Memphis Rule 5,MR5,Memphis,Childress Warehouse,Monette,AR,,,,,,
156006,Memphis Rule 5,MR5,Memphis,"Marianna Warehousing, LLC-Plant No. 2",Marianna,AR,,,,,,
160006,Memphis Rule 5,MR5,Memphis,GPS Bonded Warehouse,Portland,AR,,,,,,
160008,Memphis Rule 5,MR5,Memphis,"Portland Compress and Warehouse, Inc.",Portland,AR,,,,,,
160009,Memphis Rule 5,MR5,Memphis,"Portland Gin and Warehouse, Inc.",Portland,AR,,,,,,
166150,Memphis Rule 5,MR5,Memphis,Marion Distribution Center,West Memphis,AR,,,,,,
167003,Memphis Rule 5,MR5,Memphis,Union Comp/W Memphis,West Memphis,AR,,,,,,
167025,Memphis Rule 5,MR5,Memphis,Staplcotn/W. Memphis,West Memphis,AR,,,,,,
167035,Memphis Rule 5,MR5,Memphis,Riverbend Warehouse,West Memphis,AR,,,,,,
176000,Southwest,,Los Angeles,Bakersfield Cotton Warehouse,Bakersfield,CA,,,,,,
176001,Southwest,,Los Angeles,Calcot LTD Warehouse,Bakersfield,CA,,,,,,
176006,Southwest,,Los Angeles,Prime West Shipping Inc,Bakersfield,CA,,,,,,
177501,Southwest,,Los Angeles,Fambro Warehouse Company,Fresno,CA,,,,,,
178580,Southwest,,Los Angeles,Duncot Warehouse,McFarland,CA,,,,,,
201501,Eastern Rule 5,ER5,Savannah,Burkhead Warehouse,Jay,FL,,,,,,
201505,Eastern Rule 5,ER5,Savannah,Golden Gin and Warehouse,Jay,FL,,,,,,
208710,Eastern Rule 5,ER5,Savannah,West Florida Gin and Warehouse,Walnut Hill,FL,,,,,,
213008,GA 30 Day,ER5,Savannah,McCleskey Cotton Company,Albany,GA,,,,,,
217517,GA 30 Day,ER5,Savannah,Sunshine Warehouse,Arlington,GA,,,,,,
220586,GA 30 Day,ER5,Savannah,Sumter County Producers Gin Warehouse,Americus,GA,,,,,,
221010,GA 30 Day,ER5,Savannah,Decatur Gin Warehouse,Bainbridge,GA,,,,,,
222010,GA 30 Day,ER5,Savannah,"Bryant's, Inc.",Bartow,GA,,,,,,
224505,GA 30 Day,ER5,Savannah,Early County Gin Company,Blakely,GA,,,,,,
225625,GA 30 Day,ER5,Savannah,Boston Gin Company,Boston,GA,,,,,,
227500,GA 30 Day,ER5,Savannah,"McCleskey Cotton Company, LLC",Bronwood,GA,,,,,,
228002,GA 30 Day,ER5,Savannah,Bulloch Gin Inc,Brooklet,GA,,,,,,
232400,GA 30 Day,ER5,Savannah,Cotton Fortunes Inc,Cuthbert,GA,,,,,,
232401,GA 30 Day,ER5,Savannah,The Peoples Warehouse-Cuthbert,Cuthbert,GA,,,,,,
240124,GA 30 Day,ER5,Savannah,"Sowega Cotton, Inc.",Climax,GA,,,,,,
242020,GA 30 Day,ER5,Savannah,"Miller County Warehouse Company, Inc.",Colquitt,GA,,,,,,
245509,GA 30 Day,ER5,Savannah,"McCay Gin and Warehouse Co., Inc.",Cordele,GA,,,,,,
245545,GA 30 Day,ER5,Savannah,Union Comp/Cordele,Cordele,GA,,,,,,
253005,GA 30 Day,ER5,Savannah,Dexter Bonded Warehouse,Dexter,GA,,,,,,
253506,GA 30 Day,ER5,Savannah,Mobley Gin Company,Doerun,GA,,,,,,
254002,GA 30 Day,ER5,Savannah,Cloverleaf Warehouse Inc,Donalsonville,GA,,,,,,
255005,GA 30 Day,ER5,Savannah,Coffee County Gin Whse,Douglas,GA,,,,,,
255025,GA 30 Day,ER5,Savannah,Tri County Gin Inc,Douglas,GA,,,,,,
256030,GA 30 Day,ER5,Savannah,Roche Farm and Garden Warehouse,Dublin,GA,,,,,,
266405,GA 30 Day,ER5,Savannah,Funston Gin Co,Funston,GA,,,,,,
266861,GA 30 Day,ER5,Savannah,"Supply Chain Management, LLC-Savannah Whse",Pooler,GA,,,,,,
270800,GA 30 Day,ER5,Savannah,South Ga Coton -Hazelhurst,Hazelhurst,GA,,,,,,
273518,GA 30 Day,ER5,Savannah,Heart of Georgia Gin,Hawkinsville,GA,,,,,,
274301,GA 30 Day,ER5,Savannah,"South Georgia Cotton Whse., Inc.",Hazlehurst,GA,,,,,,
282100,GA 30 Day,ER5,Savannah,Dooly County Gin LLC,Buena Vista,GA,,,,,,
282101,GA 30 Day,ER5,Savannah,"Irwin County Warehouse, LLC- Lenox",Lenox,GA,,,,,,
291000,GA 30 Day,ER5,Savannah,Moultrie Warehouse and Storage LLC,Moultrie,GA,,,,,,
297005,GA 30 Day,ER5,Savannah,Four Corners Gin Co Inc,Meigs,GA,,,,,,
297507,GA 30 Day,ER5,Savannah,Candler Gin and Warehouse,Metter,GA,,,,,,
297509,GA 30 Day,ER5,Savannah,"Growers Cotton Warehouse, Inc.",Metter,GA,,,,,,
298007,GA 30 Day,ER5,Savannah,"Midville Warehouse, Inc.",Midville,GA,,,,,,
298008,GA 30 Day,ER5,Savannah,Riverside Gin and Storage,Midville,GA,,,,,,
301535,GA 30 Day,ER5,Savannah,Trico Gin and Peanut Inc,Unadilla,GA,,,,,,
304495,GA 30 Day,ER5,Savannah,B.C.T. Gin Company Inc,Moultrie,GA,,,2.84,,,
304500,GA 30 Day,ER5,Savannah,Doerun Gin Company Warehouse,Doerun,GA,,,,,,
886509,GA 30 Day,ER5,Savannah,Farmers Compress Coop #2,Lubbock,TX,1,1,0.25,,,3 days
304552,GA 30 Day,ER5,Savannah,"Mundy, Inc.",Millen,GA,,,,,,
304553,GA 30 Day,ER5,Savannah,Bostwick Gin Warehouse,Madison,GA,,,,,,
306310,GA 30 Day,ER5,Savannah,Dixon Gin Company,Enigma,GA,,,,,,
306316,GA 30 Day,ER5,Savannah,"South Central GA Warehouse, Inc.",Enigma,GA,,,,,,
308005,GA 30 Day,ER5,Savannah,Norman Park Gin and Warehouse,Norman Park,GA,,,,,,
309100,GA 30 Day,ER5,Savannah,Osceola Cotton Company LLC E 1st st,Ocilla,GA,,,,,,
309509,GA 30 Day,ER5,Savannah,"Irwin County Warehouse, LLC- Omega",Omega,GA,,,,,,
310516,GA 30 Day,ER5,Savannah,Osceola Cotton Warehouse,Ocilla,GA,,,,,,
311000,GA 30 Day,ER5,Savannah,Savannah Distribution Center,Port Wentworth,GA,,,,,,
313010,GA 30 Day,ER5,Savannah,Pinecliff Planters Warehouse,Camilla,GA,,,,,,
313023,GA 30 Day,ER5,Savannah,"The Southern Gin Co, Inc",Pelham,GA,,,,,,
313510,GA 30 Day,ER5,Savannah,Planters Warehouse/Pinehurst,Pinehurst,GA,,,,,,
314006,GA 30 Day,ER5,Savannah,Pinecliff Peanut and Grain Inc,Pelham,GA,,,,,,
316751,GA 30 Day,ER5,Savannah,Supply chain Management-Rincon,Rincon,GA,,,,,,
326202,GA 30 Day,ER5,Savannah,Coffee County Gin co -Statesboro,Statesboro,GA,,,,,,
331015,GA 30 Day,ER5,Savannah,The Peoples Warehouse,Shellman,GA,,,,,,
333503,GA 30 Day,ER5,Savannah,Southern States Coop,Statesboro,GA,,,,,,
335533,GA 30 Day,ER5,Savannah,Tri County Gin Company,Taylorsville,GA,,,,,,
337525,GA 30 Day,ER5,Savannah,"Southeastern Gin, Inc.",Surrency,GA,,,,,,
339007,GA 30 Day,ER5,Savannah,Sconyers Gin and Warehouse,Sycamore,GA,,,,,,
339733,GA 30 Day,ER5,Savannah,Screven Gin Co.,Sylvania,GA,,,,,,
340015,GA 30 Day,ER5,Savannah,"Worth Gin & Whse, Inc",Sylvester,GA,,,,,,
340017,GA 30 Day,ER5,Savannah,Staplcotn/Savannah,Savannah,GA,,,,,,
340100,GA 30 Day,ER5,Savannah,"Irwin County Whse, LLC - Tifton",Tifton,GA,,,,,,
345008,GA 30 Day,ER5,Savannah,"Collins Bonded Warehouse, Inc.",Waynesboro,GA,,,,,,
347750,GA 30 Day,ER5,Savannah,Planters Warehouse-Vienna,Vienna,GA,,,,,,
349526,GA 30 Day,ER5,Savannah,Vienna Cotton Co Inc,Vienna,GA,,,,,,
349527,GA 30 Day,ER5,Savannah,West Bonded Warehouse/Dooly Gin,Vienna,GA,,,,,,
349529,GA 30 Day,ER5,Savannah,WSB Gin and Warehouse,Byromville,GA,,,,,,
886512,GA 30 Day,ER5,Savannah,Farmers Coop Compress #3,Lubbock,TX,1,1,0.25,,,3 days
385000,WTX,WTX,Dallas,Plains Cotton Cooperative Association,Liberal,KS,1,1,0.25,,,3 days
385001,WTX,WTX,Dallas,Plains Cotton Cooperative Association,Clearwater,KS,1,1,0.25,,,3 days
400510,Memphis Rule 5,MR5,Houston,Cotton Storage Inc,Alexandria,LA,,,,,,
406505,Memphis Rule 5,MR5,Houston,Cotton Warehouse of Concordia,Ferriday,LA,,,,,,
410020,Memphis Rule 5,MR5,Houston,Hollybrook Warehouse,Lake Providence,LA,,,,,,
413550,Memphis Rule 5,MR5,Houston,"The Kearney Companies, Inc.",New Orleans,LA,,,,,,
413551,Memphis Rule 5,MR5,Houston,The Kearney Company,New Orleans,LA,,,,,,
416010,Memphis Rule 5,MR5,Houston,Staplcotn/Rayville,Rayville,LA,,,,,,
417205,Memphis Rule 5,MR5,Houston,"Tensas Warehouse, Inc.",St. Joseph,LA,,,,,,
418515,Memphis Rule 5,MR5,Houston,Staplcotn/Tallulah Comp Warehouse,Tallulah,LA,,,,,,
420002,Memphis Rule 5,MR5,Houston,Franklin Cotton Warehouse,Winnsboro,LA,,,,,,
466466,Memphis Rule 5,MR5,Memphis,Scruggs Farm Warehouse,Saltillo,MS,,,,,,
467005,Memphis Rule 5,MR5,Memphis,FCW- Belzoni,Belzoni,MS,,,,,,24 hrs
470012,Memphis Rule 5,MR5,Memphis,North Delta Compress and Warehouse Company,Clarksdale,MS,,,,,,
476505,Memphis Rule 5,MR5,Memphis,FCW- Greenwood #1,Greenwood,MS,,,,,,24 hrs
476510,Memphis Rule 5,MR5,Memphis,Federal Compress Greenwood #2,Greenwood,MS,,,,,,24 hrs
476512,Memphis Rule 5,MR5,Memphis,Staplcotn/Rising Sun,Greenwood,MS,,,,,,
477005,Memphis Rule 5,MR5,Memphis,Federal Compress Grenada,Grenada,MS,,,,,,24 hrs
480505,Memphis Rule 5,MR5,Memphis,Staplcotn/Indianola,Indianola,MS,,,,,,
481005,Memphis Rule 5,MR5,Memphis,Federal Compress Inverness #1,Inverness,MS,,,,,,24 hrs
481010,Memphis Rule 5,MR5,Memphis,Federal Compress Inverness #2,Inverness,MS,,,,,,24 hrs
490150,Memphis Rule 5,MR5,Memphis,Anderson Clayton Desoto Warehouse,Olive Branch,MS,,,,,,
499502,Memphis Rule 5,MR5,Memphis,Staplcotn/Tunica,Tunica,MS,,,,,,
516004,Memphis Rule 5,MR5,Memphis,Caruthersville Cotton Warehouse,Caruthersville,MO,,,,,,
517010,Memphis Rule 5,MR5,Memphis,Federal Compress Hayti,Hayti,MO,,,,,,24 hrs
517813,Memphis Rule 5,MR5,Memphis,Sandy Ridge Cotton Warehouse,Malden,MO,,,,,,
886517,Memphis Rule 5,MR5,Memphis,Farmers Coop Compress #4,Lubbock,TX,1,1,0.25,,,3 days
518085,Memphis Rule 5,MR5,Memphis,Bootheel Cotton Warehouse,New Madrid,MO,,,,,,
518505,Memphis Rule 5,MR5,Memphis,Federal Compress Portageville,Portageville,MO,,,,,,24 hrs
518510,Memphis Rule 5,MR5,Memphis,Missouri Cotton Warehouse,Portageville,MO,,,,,,
536304,WTX,WTX,Los Angeles,Deming Bonded Warehouse,Deming,NM,,,,,,
538013,WTX,WTX,Los Angeles,Plains Cotton Cooperative Association,Lovington,NM,1,1,0.25,,,3 days
886520,WTX,WTX,Los Angeles,Farmers Coop Compress #5,Lubbock,TX,1,1,0.25,,,3 days
555225,Eastern Rule 5,ER5,Savannah,Rolling Hills Bonded Warehouse,New London,NC,,,,,,
558070,Eastern Rule 5,ER5,Savannah,Pitt County Gin and Cotton Co.,Bethel,NC,,,,,,
562665,Eastern Rule 5,ER5,Savannah,Cotton Growers Warehouses Inc,Chocowinity,NC,,,,,,
562865,Eastern Rule 5,ER5,Savannah,Clarkton Bonded Warehouse,Clarkton,NC,,,,,,
565545,Eastern Rule 5,ER5,Savannah,"Quality Bonded Warehouse, LLC",Dunn,NC,,,,,,
565803,Eastern Rule 5,ER5,Savannah,Elm City Warehouse,Elm City,NC,,,,,,
565805,Eastern Rule 5,ER5,Savannah,Silver Lake Bale Storage 1,Elm City,NC,,,,,,
565806,Eastern Rule 5,ER5,Savannah,Davis Bonded Warehouse,Hobgood,NC,,,,,,
565807,Eastern Rule 5,ER5,Savannah,Staplcotn- Edenton 2-3090,Edenton,NC,,,,,,
566501,Eastern Rule 5,ER5,Savannah,Albemarle Cotton Growers,Edenton,NC,,,,,,
566505,Eastern Rule 5,ER5,Savannah,Edenton Bonded Warehouse,Tyner,NC,,,,,,
568010,Eastern Rule 5,ER5,Savannah,Enfield Bonded Warehouse,Enfield,NC,,,,,,
568016,Eastern Rule 5,ER5,Savannah,Roanoke Tar Cotton Warehouse,Everetts,NC,,,,,,
568017,Eastern Rule 5,ER5,Savannah,Staplcotn Compress Warehouse,Erwin,NC,,,,,,
570240,Eastern Rule 5,ER5,Savannah,Stallings Farms Agribusiness,Herford,NC,,,,,,
570440,Eastern Rule 5,ER5,Savannah,Gaston Cooperative Inc,Garysburg,NC,,,,,,
570505,Eastern Rule 5,ER5,Savannah,P and M - Avon Bonded Warehouse,Gastonia,NC,,,,,,
570507,Eastern Rule 5,ER5,Savannah,Broad Street Bonded Warehouse,Gastonia,NC,,,,,,
570620,Eastern Rule 5,ER5,Savannah,Gates Cotton Gin Warehouse,Gates,NC,,,,,,
571536,Eastern Rule 5,ER5,Savannah,Ward & Nixon Warehouse,Gatesville,NC,,,,,,
576503,Eastern Rule 5,ER5,Savannah,Cotton Growers Warehouses Inc,Jackson,NC,,,,,,
577277,Eastern Rule 5,ER5,Savannah,Jones County Cotton Gin Inc,Trenton,NC,,,,,,
578010,Eastern Rule 5,ER5,Savannah,Harvey Gin and Cotton Company,Kinston,NC,,,,,,
582003,Eastern Rule 5,ER5,Savannah,Cotton Growers Warehouses Inc,Lumberton,NC,,,,,,
587875,Eastern Rule 5,ER5,Savannah,Producers Gin Bonded Warehouse,Murfreesboro,NC,,,,,,
589209,Eastern Rule 5,ER5,Savannah,"Sampson Gin Company, Inc.",Newton Grove,NC,,,,,,
590610,Eastern Rule 5,ER5,Savannah,Coastal Carolina Gin,Pantego,NC,,,,,,
593005,Eastern Rule 5,ER5,Savannah,Hoke Cotton Warehouse and Storage,Raeford,NC,,,,,,
596010,Eastern Rule 5,ER5,Savannah,Rosemary Bonded Warehouse,Roanoke Rapids,NC,,,,,,
600505,Eastern Rule 5,ER5,Savannah,Edwards Bonded Warehouse,Scotland Neck,NC,,,,,,
886506,Eastern Rule 5,ER5,Savannah,Farmers Cooperative Compress,Lubbock,TX,1,1,0.25,,,3 days
601006,Eastern Rule 5,ER5,Savannah,Roanoke Ag Bonded Warehouse,Weldon,NC,,,,,,
602005,Eastern Rule 5,ER5,Savannah,Royster PandM Warehouse,Shelby,NC,,,,,,
605515,Eastern Rule 5,ER5,Savannah,Edgecombe Bond Warehouse,Tarboro,NC,,,,,,
607540,Eastern Rule 5,ER5,Savannah,Roanoke Tar Cotton Warehouse-2-3083,Everetts,NC,,,,,,
607541,Eastern Rule 5,ER5,Savannah,Paxton Bonded Storage Firestone,Wilson,NC,,,,,,
611030,Eastern Rule 5,ER5,Savannah,Paxton Bonded Warehouse,Wilson,NC,,,,,,
631020,WTX,WTX,Dallas,Plains Cotton Cooperative Association,Altus,OK,1,1,0.25,,,3 days
676592,Eastern Rule 5,ER5,Savannah,General Warehouse and Storage Co,Bennettsville,SC,,,,,,
677503,Eastern Rule 5,ER5,Savannah,Cotton Growers Warehouse Inc,Bishopville,SC,,,,,,
682505,Eastern Rule 5,ER5,Savannah,Cameron Cotton and Seed Co,Cameron,SC,,,,,,
689560,Eastern Rule 5,ER5,Savannah,McInnis Bonded Warehouse,Clio,SC,,,,,,
702530,Eastern Rule 5,ER5,Savannah,"Elloree Gin Company, Inc.",Elloree,SC,,,,,,
710530,Eastern Rule 5,ER5,Savannah,Staple Cotton Cooperative Association,Greer,SC,,,,,,
712575,Eastern Rule 5,ER5,Savannah,"Humphrey Coker Seed Co., Inc",Hartsville,SC,,,,,,
720600,Eastern Rule 5,ER5,Savannah,Humphrey Coker Seed Co-lake City Whse,Lake City,SC,,,,,,
729020,Eastern Rule 5,ER5,Savannah,United Bonded Warehouse,Manning,SC,,,,,,
731205,Eastern Rule 5,ER5,Savannah,Minturn Bnd Cotton Warehouse,Dillion,SC,,,,,,
735030,Eastern Rule 5,ER5,Savannah,Culler Holstein Gin,North,SC,,,,,,
754585,Eastern Rule 5,ER5,Savannah,"Middling Cotton Co., Inc.",St. Matthews,SC,,,,,,
787010,Memphis Rule 5,MR5,Memphis,Hughes Warehouse,Brownsville,TN,,,,,,
787097,Memphis Rule 5,MR5,Memphis,Two Way Warehouse,Brownsville,TN,,,,,,
788008,Memphis Rule 5,MR5,Memphis,Kelcot Warehouses LLC,Covington,TN,,,,,,
788020,Memphis Rule 5,MR5,Memphis,Green Point Ag- was Tn Gin,Covington,TN,,,,,,
789505,Memphis Rule 5,MR5,Memphis,Elora Gin Warehouse,Elora,TN,,,,,,
790990,Memphis Rule 5,MR5,Memphis,Halls Gin Co Inc,Halls,TN,,,,,,
791730,Memphis Rule 5,MR5,Memphis,Humboldt Cotton Warehouse,Humboldt,TN,,,,,,
792025,Memphis Rule 5,MR5,Memphis,West Tennessee Warehouse,Jackson,TN,,,,,,
793960,Memphis Rule 5,MR5,Memphis,Mallory Cotton Warehouse Division-Memphis,Memphis,TN,,,,,,
793961,Memphis Rule 5,MR5,Memphis,Viterra USA-Cotton#1,Memphis,TN,,,,,,
793962,Memphis Rule 5,MR5,Memphis,Viterra USA LLC Cotton #2,Memphis,TN,,,,,,
794205,Memphis Rule 5,MR5,Memphis,Longtown Warehouse,Mason,TN,,,,,,
794505,Memphis Rule 5,MR5,Memphis,Cotton Trade Warehouse (Cargill Whse-Memphis),Memphis,TN,,,,,,
794540,Memphis Rule 5,MR5,Memphis,Memphis Compress Warehouse,Memphis,TN,,,,,,
794550,Memphis Rule 5,MR5,Memphis,Producers Warehouse #1,Memphis,TN,,,,,,
794553,Memphis Rule 5,MR5,Memphis,Producers Warehouse #3,Memphis,TN,,,,,,
794555,Memphis Rule 5,MR5,Memphis,Producers Warehouse #2,Memphis,TN,,,,,,
794560,Memphis Rule 5,MR5,Memphis,The Distribution Center,Memphis,TN,,,,,,
794598,Memphis Rule 5,MR5,Memphis,River CityWarehouse,Memphis,TN,,,,,,
795005,Memphis Rule 5,MR5,Memphis,Milan Compress Warehouse,Milan,TN,,,,,,
795007,Memphis Rule 5,MR5,Memphis,Total Commodity Warehouse,Memphis,TN,,,,,,
795026,Memphis Rule 5,MR5,Memphis,International Cotton Depots Plant 4,Memphis,TN,,,,,,
797660,Memphis Rule 5,MR5,Memphis,Oak Grove Gin and Warehouse LLC,Somerville,TN,,,,,,
810001,WTX,WTX,Dallas,FCC-High Plains Division Amarillo,Amarillo,TX,1,1,0.25,,,3 days
810002,WTX,WTX,Dallas,Amarillo Cotton Warehouse,Amarillo,TX,,,,,,
810003,WTX,WTX,Dallas,Amarillo Cotton Warehouse,Amarillo,TX,,,,,,
810535,WTX,WTX,Dallas,Amarillo Cotton Warehouse,Amarillo,TX,,,,,,
810537,WTX,WTX,Dallas,"City Gin Cotton Warehouse, LLC",Abernathy,TX,,,,,,
810538,WTX,WTX,Dallas,Amarillo Cotton Warehouse,Amarillo,TX,,,,,,
819202,STEX,STX,Houston,Cargill Cotton Baytown,Baytown,TX,,,,,,
820010,WTX,WTX,Dallas,Ballinger Cotton Warehouse Co.,Ballinger,TX,,,,,,
828031,WTX,WTX,Dallas,Brownfield Compress,Brownfield,TX,,,,,,
829535,STEX,STX,Houston,Taylor Compress #2 Bryan,Bryan,TX,,,,,,
829537,WTX,WTX,Dallas,Plains Cotton Cooperative Assoc,Big Spring,TX,1,1,0.25,,,3 days
840509,WTX,WTX,Dallas,Gulf Compress,Sweetwa-GULF,TX,1,1,,,,
840510,STEX,STX,Houston,Gulf Compress Unit #4,Portland,TX,1,1,,,,
840512,STEX,STX,Houston,Gulf Compress #1,Corpus Christi,TX,1,1,,,,
840513,STEX,STX,Houston,Gulf Compress #2,Corpus Christi,TX,1,1,,,,
840516,STEX,STX,Houston,Gulf Compress #10,Taylor,TX,1,1,,,,
843000,WTX,WTX,Dallas,"Suncot Warehouse, LLC",Denver City,TX,,,,,,
843002,WTX,WTX,Dallas,East Centre Park Cotton Warehouse,Desoto,TX,,,,,,
846847,WTX,WTX,Dallas,Olam dba Anderson Clayton - Dallas TX Warehouse #1,Dallas,TX,,,,,,
848548,STEX,STX,Houston,"United Agricultural Cooperative, Inc. Cotton Warehouse",El Campo,TX,,,,,,
853005,WTX,WTX,Dallas,Calcot LTD Warehouse,Fabens,TX,,,,,,
853007,WTX,WTX,Dallas,Ft Worth Commodity Warehouse,Ft Worth,TX,,,,,,
858053,STEX,STX,Houston,Moody Compress and Warehouse #1,Galveston,TX,,,,,,
858054,STEX,STX,Houston,Moody Compress and Warehouse #2,Galveston,TX,,,,,,
858055,STEX,STX,Houston,Moody Compress and Warehouse #3,Galveston,TX,,,,,,
858056,STEX,STX,Houston,Moody Compress and Warehouse #4,Galveston,TX,,,,,,
858063,STEX,STX,Houston,Moody Compress and Warehouse #6,Houston,TX,,,,,,
858065,STEX,STX,Houston,Southern Comp and Warehouse Co.,Galveston,TX,,,,,,
858078,WTX,WTX,Dallas,Glasscock County Co-Op Cotton Warehouses,Garden City,TX,,,,,,
866503,STEX,STX,Houston,Harlingen Compress Company,Harlingen,TX,,,,,,
866505,STEX,STX,Houston,Valley Compress Company,Harlingen,TX,,,,,,
867017,WTX,WTX,Dallas,Haskell Cotton Warehouse,Stamford,TX,,,,,,
871048,STEX,STX,Houston,Houston Commodity Warehouse,Houston,TX,,,,,,
871049,STEX,STX,Houston,Houston Commodity Warehouse #2,Houston,TX,,,,,,
875260,WTX,WTX,Dallas,Supply Chain Management- Desoto,Desoto,TX,,,,,,
880533,WTX,WTX,Dallas,Lamesa Warehouse,Lamesa,TX,,,,,,
882008,WTX,WTX,Dallas,FCC-Levelland Plant,Levelland,TX,,,,,,
884033,WTX,WTX,Dallas,HCC-Lockney Warehouse,Lockney,TX,,,,,,
136015,WTX,WTX,Dallas,Farmers First Gin Company,Dell,AR,1,1,0.25,,,3 days
304501,WTX,WTX,Dallas,Farmers Gin and Peanut Warehouse,Moultrie,GA,,,,,,
350503,WTX,WTX,Dallas,Farmers Gin and Stg Co,Wadley,GA,,,,,,
601004,WTX,WTX,Dallas,Farmers Peanut Bonded Warehouse,Seaboard,NC,,,,,,
548900,WTX,WTX,Dallas,Mesa Farmers Cooperative Inc,Vado,NM,,,,,,
886533,WTX,WTX,Dallas,Lubbock Compress,Lubbock,TX,,,,,,
886570,WTX,WTX,Dallas,"Lov-Cot Warehouse, L.P.",Lubbock,TX,,,,,,
886623,STEX,STX,Houston,Mallory Alexander International Logistics-Laredo,Laredo,TX,,,,,,
898030,STEX,STX,Houston,CIL- Prev-Colimar Inc,Weslaco,TX,,,,,,
904033,WTX,WTX,Dallas,O'Donnell Warehouse,O'donnell,TX,,,,,,
906015,WTX,WTX,Dallas,Panhandle Compress Co.,Paducah,TX,,,,,,
911510,WTX,WTX,Dallas,Panhandle Compress,Plainview,TX,,,,,,
911520,WTX,WTX,Dallas,Plainview Cooperative Compress #7,Plainview,TX,,,,,,
911525,WTX,WTX,Dallas,Plainview Cooperative Compress #6,Plainview,TX,,,,,,
911533,WTX,WTX,Dallas,HCC-Plainview,Plainview,TX,,,,,,
913030,WTX,WTX,Dallas,Panhandle Compress,Post,TX,,,,,,
913054,STEX,STX,Houston,Supply Chain Management LLC.,Pasadena,TX,,,,,,
913055,WTX,WTX,Dallas,Amarillo Cotton Warehouse Tulia,Tulia,TX,,,,,,
914510,WTX,WTX,Dallas,Panhandle Comp Quanah,Quanah,TX,,,,,,
916501,WTX,WTX,Dallas,Ralls Compress and Warehouse,Ralls,TX,,,,,,
916710,STEX,STX,Houston,Gulf Compress #5,Raymondville,TX,1,1,,,,
916711,STEX,STX,Houston,Gulf Compress #6,Raymondville,TX,1,1,,,,
916712,STEX,STX,Houston,Gulf Compress (North Plant#7),Raymondville,TX,1,1,,,,
925011,WTX,WTX,Dallas,"Dallas Warehouse Company, LLC",Grand Prairie,TX,,,,,,
925012,WTX,WTX,Dallas,Plains Cotton Cooperative Association,Rule,TX,1,1,0.25,,,3 days
925013,STEX,STX,Houston,CIL Warehouse,Willacy County,TX,,,,,,
926005,STEX,STX,Houston,Ballinger Cotton Warehouse Co.,San Angelo,TX,,,,,,
928532,WTX,WTX,Dallas,Seagraves Compress,Seagraves,TX,,,,,,
928715,STEX,STX,Houston,Willacy Cotton Warehouse,Sebastian,TX,,,,,,
935002,WTX,WTX,Dallas,Stanton Compress and Warehouse,Stanton,TX,,,,,,
936006,WTX,WTX,Dallas,FCC-Sudan,Sudan,TX,,,,,,
937530,WTX,WTX,Dallas,Plains Cotton Cooperative Association,Sweetwater,TX,1,1,0.25,,,3 days
937534,WTX,WTX,Dallas,Ballinger Cotton Warehouse Co. - Plant 3,Snyder,TX,,,,,,
937535,WTX,WTX,Dallas,Oasis Warehouse LLC,Seminole,TX,,,,,,
939033,WTX,WTX,Dallas,Tahoka Warehouse,Tahoka,TX,,,,,,
940015,STEX,STX,Houston,Taylor Compress,Taylor,TX,,,,,,
940025,STEX,STX,Houston,Taylor Compress Plant #3,Taylor,TX,,,,,,
944344,WTX,WTX,Dallas,Valley Gin Company,Tornillo,TX,,,,,,
944708,WTX,WTX,Dallas,Tulia Cotton Warehouse,Tulia,TX,,,,,,
947505,WTX,WTX,Dallas,Vernon Compress Company,Vernon,TX,,,,,,
976503,Eastern Rule 5,ER5,Savannah,Hawkins Bonded Warehouse,Emporia,VA,,,,,,
976505,Eastern Rule 5,ER5,Savannah,Mid-Atlantic Warehouse and Gin,Emporia,VA,,,,,,
985505,Eastern Rule 5,ER5,Savannah,Suffolk Cotton Gin Warehouse,Suffolk,VA,,,,,,
998008,Eastern Rule 5,ER5,Savannah,Commonwealth Cotton Warehouse,Windsor,VA,,,,,,
