Warehouse,Name,City,State,Region,Export,Port,ESO,Flat Bed Fees,Late Fees,Transportation Adjust,Misc  Fees,Consol Interest
111,Black Belt Gin Inc.,SELMA,AL,Eastern Rule 5,ER5,Savannah,0,0,0,0,0,0
520,Moseley Intl. Inc.,Abbeville,AL,Eastern Rule 5,ER5,Savannah,0,0,0,0,0,0
1100,Associated Growers Gin & Whse-Athens,Athens,AL,Eastern Rule 5,ER5,Savannah,0,0,0,0,0,0
4004,Covington Gin Company,Andalusia,AL,Eastern Rule 5,ER5,Savannah,0,0,0,0,0,0
11515,South Limestone Coop,Belle Mina,AL,Eastern Rule 5,ER5,Memphis,0,0,0,0,0,0
22715,"Plaza Cotton Storage, LLC",Centre,AL,Eastern Rule 5,ER5,Savannah,0,0,0,0,0,0
29010,Servico Warehouse,Courtland,AL,Eastern Rule 5,ER5,Memphis,0,0,0,0,0,0
31400,5-Lock Gin,Dothan,AL,Eastern Rule 5,ER5,Savannah,0,0,0,0,0,0
32035,Union Comp/Decatur,Decatur,AL,Eastern Rule 5,ER5,Memphis,0,0,0,0,0,0
34512,Fuller Warehouse and Gin,Eclectic,AL,Eastern Rule 5,ER5,Savannah,0,0,0,0,0,0
36016,Coffee Gin Co LLC Whse,Enterprise,AL,Eastern Rule 5,ER5,Savannah,0,0,0,0,0,0
39720,Oakland Gin Co.,Florence,AL,Eastern Rule 5,ER5,Memphis,0,0,0,0,0,0
39770,"Scruggs and Vaden Warehouse, LLC",Florence,AL,Eastern Rule 5,ER5,Memphis,0,0,0,0,0,0
51005,Sowega Cotton,Hartford,AL,Eastern Rule 5,ER5,Savannah,0,0,0,0,0,0
52020,Henry County Gin,Headland,AL,Eastern Rule 5,ER5,Savannah,0,0,0,0,0,0
52650,Hillsboro Gin Company Inc,Hillsboro,AL,Eastern Rule 5,ER5,Memphis,0,0,0,0,0,0
54205,Holtville Gin and Warehouse,Deatsville,AL,Eastern Rule 5,ER5,Savannah,0,0,0,0,0,0
62306,"Loxley Warehouses, LLC",Loxley,AL,Eastern Rule 5,ER5,Savannah,0,0,0,0,0,0
63010,McCullough Bonded Warehouse,McCullough,AL,Eastern Rule 5,ER5,Savannah,0,0,0,0,0,0
73073,Cotton Growers Coop Inc - New Market,New Market,AL,Eastern Rule 5,ER5,Memphis,0,0,0,0,0,0
96505,"Marengo Warehouse, Inc.",Sweet Water,AL,Eastern Rule 5,ER5,Savannah,0,0,0,0,0,0
99010,Taylor Gin and Tallassee Whse.,Tallassee,AL,Eastern Rule 5,ER5,Savannah,0,0,0,0,0,0
101020,Cotton Producers Coop Town Creek,Leighton,AL,Eastern Rule 5,ER5,Memphis,0,0,0,0,0,0
120945,Anderson Clayton Warehouse,Eloy,AZ,Southwest,,Los Angeles,0,0,0,0,0,0
122007,Calcot LTD Warehouse,Glendale,AZ,Southwest,,Los Angeles,0,0,0,0,0,0
122530,Federal Compress Pichaco,Eloy,AZ,Southwest,,Los Angeles,0,0,0,0,0,0
122531,Updike Distribution Logistics,Phoenix,AZ,Southwest,,Los Angeles,0,0,0,0,0,0
129004,Caruthersville Cotton Warehouse,Blytheville,AR,Memphis Rule 5,MR5,Memphis,0,0,0,0,0,0
129010,FCW- Blytheville,Blytheville,AR,Memphis Rule 5,MR5,Memphis,0,0,0,0,0,0
129129,Staplcotn Compress and Warehouse-Blytheville,Blytheville,AR,Memphis Rule 5,MR5,Memphis,0,0,0,0,0,0
134900,"The Gin House, LLC (TGH)",Dermott,AR,Memphis Rule 5,MR5,Memphis,0,0,0,0,0,0
136015,Farmers First Gin Company,Dell,AR,Memphis Rule 5,MR5,Memphis,1,1,0.25,0,0,0
137001,Dumas Cotton Warehouse Inc,Dumas,AR,Memphis Rule 5,MR5,Memphis,0,0,2.5,0,0,0
140300,"Marianna Warehousing, LLC",Caldwell,AR,Memphis Rule 5,MR5,Memphis,0,0,0,0,0,0
140301,Marianna Warehousing LLC,Forrest City,AR,Memphis Rule 5,MR5,Memphis,0,0,0,0,0,0
149500,"Rabbit Ridge Gin and Warehouse, LLC",Dyess,AR,Memphis Rule 5,MR5,Memphis,0,0,0,0,0,0
151005,Federal Compress McGhee,McGehee,AR,Memphis Rule 5,MR5,Memphis,0,0,0,0,0,0
152705,Federal Warehouse,Manila,AR,Memphis Rule 5,MR5,Memphis,0,0,0,0,0,0
153005,Marianna Warehouse,Marianna,AR,Memphis Rule 5,MR5,Memphis,0,0,0,0,0,0
153505,Crittenden Gin Bonded Warehouse,Crawfordsville,AR,Memphis Rule 5,MR5,Memphis,0,0,0,0,0,0
156002,Childress Warehouse,Monette,AR,Memphis Rule 5,MR5,Memphis,0,0,0,0,0,0
156006,"Marianna Warehousing, LLC-Plant No. 2",Marianna,AR,Memphis Rule 5,MR5,Memphis,0,0,0,0,0,0
160006,GPS Bonded Warehouse,Portland,AR,Memphis Rule 5,MR5,Memphis,0,0,0,0,0,0
160008,"Portland Compress and Warehouse, Inc.",Portland,AR,Memphis Rule 5,MR5,Memphis,0,0,0,0,0,0
160009,"Portland Gin  and Warehouse, Inc.",Portland,AR,Memphis Rule 5,MR5,Memphis,0,0,0,0,0,0
166150,Marion Distribution Center,West Memphis,AR,Memphis Rule 5,MR5,Memphis,0,0,0,0,0,0
167003,Union Comp/W Memphis,West Memphis,AR,Memphis Rule 5,MR5,Memphis,0,0,0,0,0,0
167025,Staplcotn/W. Memphis,West Memphis,AR,Memphis Rule 5,MR5,Memphis,0,0,0,0,0,0
167035,Riverbend Warehouse,West Memphis,AR,Memphis Rule 5,MR5,Memphis,0,0,0,0,0,0
176000,Bakersfield Cotton Warehouse,Bakersfield,CA,Southwest,,Los Angeles,0,0,0,0,0,0
176001,Calcot LTD Warehouse,Bakersfield,CA,Southwest,,Los Angeles,0,0,0,0,0,0
176006,Prime West Shipping Inc,Bakersfield,CA,Southwest,,Los Angeles,0,0,0,0,0,0
177501,Fambro Warehouse Company,Fresno,CA,Southwest,,Los Angeles,0,0,0,0,0,0
178580,Duncot Warehouse,McFarland,CA,Southwest,,Los Angeles,0,0,0,0,0,0
201501,Burkhead Warehouse,Jay,FL,Eastern Rule 5,ER5,Savannah,0,0,0,0,0,0
201505,Golden Gin and Warehouse,Jay,FL,Eastern Rule 5,ER5,Savannah,0,0,0,0,0,0
208710,West Florida Gin and Warehouse,Walnut Hill,FL,Eastern Rule 5,ER5,Savannah,0,0,0,0,0,0
213008,McCleskey Cotton Company,Albany,GA,GA 30 Day,ER5,Savannah,0,0,0,0,0,0
217517,Sunshine Warehouse,Arlington,GA,GA 30 Day,ER5,Savannah,0,0,0,0,0,0
220586,Sumter County Producers Gin Warehouse,Americus,GA,GA 30 Day,ER5,Savannah,0,0,0,0,0,0
221010,Decatur Gin Warehouse,Bainbridge,GA,GA 30 Day,ER5,Savannah,0,0,0,0,0,0
222010,"Bryant's, Inc.",Bartow,GA,GA 30 Day,ER5,Savannah,0,0,0,0,0,0
224505,Early County Gin Company,Blakely,GA,GA 30 Day,ER5,Savannah,0,0,0,0,0,0
225625,Boston Gin Company,Boston,GA,GA 30 Day,ER5,Savannah,0,0,0,0,0,0
227500,"McCleskey Cotton Company, LLC",Bronwood,GA,GA 30 Day,ER5,Savannah,0,0,0,0,0,0
228002,Bulloch Gin Inc,Brooklet,GA,GA 30 Day,ER5,Savannah,0,0,0,0,0,0
232400,Cotton Fortunes Inc,Cuthbert,GA,GA 30 Day,ER5,Savannah,0,0,0,0,0,0
232401,The Peoples Warehouse-Cuthbert,Cuthbert,GA,GA 30 Day,ER5,Savannah,0,0,0,0,0,0
240124,"Sowega Cotton, Inc.",Climax,GA,GA 30 Day,ER5,Savannah,0,0,0,0,0,0
242020,"Miller County Warehouse Company, Inc.",Colquitt,GA,GA 30 Day,ER5,Savannah,0,0,0,0,0,0
245509,"McCay Gin and Warehouse Co., Inc.",Cordele,GA,GA 30 Day,ER5,Savannah,0,0,0,0,0,0
245545,Union Comp/Cordele,Cordele,GA,GA 30 Day,ER5,Savannah,0,0,0,0,0,0
253005,Dexter Bonded Warehouse,Dexter,GA,GA 30 Day,ER5,Savannah,0,0,0,0,0,0
253506,Mobley Gin Company,Doerun,GA,GA 30 Day,ER5,Savannah,0,0,0,0,0,0
254002,Cloverleaf Warehouse Inc,Donalsonville,GA,GA 30 Day,ER5,Savannah,0,0,0,0,0,0
255005,Coffee County Gin Whse,Douglas,GA,GA 30 Day,ER5,Savannah,0,0,0,0,0,0
255025,Tri County Gin Inc,Douglas,GA,GA 30 Day,ER5,Savannah,0,0,0,0,0,0
256030,Roche Farm and Garden Warehouse,Dublin,GA,GA 30 Day,ER5,Savannah,0,0,0,0,0,0
266405,Funston Gin Co,Funston,GA,GA 30 Day,ER5,Savannah,0,0,0,0,0,0
266861,"Supply Chain Management, LLC-Savannah Whse",Pooler,GA,GA 30 Day,ER5,Savannah,0,0,0,0,0,0
270800,South Ga Coton -Hazelhurst,Hazelhurst,GA,GA 30 Day,ER5,Savannah,0,0,0,0,0,0
273518,Heart of Georgia Gin,Hawkinsville,GA,GA 30 Day,ER5,Savannah,0,0,0,0,0,0
274301,"South Georgia Cotton Whse., Inc.",Hazlehurst,GA,GA 30 Day,ER5,Savannah,0,0,0,0,0,0
282100,Dooly County Gin LLC,Buena Vista,GA,GA 30 Day,ER5,Savannah,0,0,0,0,0,0
282101,"Irwin County Warehouse, LLC- Lenox",Lenox,GA,GA 30 Day,ER5,Savannah,0,0,0,0,0,0
291000,Moultrie Warehouse and Storage LLC,Moultrie,GA,GA 30 Day,ER5,Savannah,0,0,0,0,0,0
297005,Four Corners Gin Co Inc,Meigs,GA,GA 30 Day,ER5,Savannah,0,0,0,0,0,0
297507,Candler Gin and Warehouse,Metter,GA,GA 30 Day,ER5,Savannah,0,0,0,0,0,0
297509,"Growers Cotton Warehouse, Inc.",Metter,GA,GA 30 Day,ER5,Savannah,0,0,0,0,0,0
298007,"Midville Warehouse, Inc.",Midville,GA,GA 30 Day,ER5,Savannah,0,0,0,0,0,0
298008,Riverside Gin and Storage,Midville,GA,GA 30 Day,ER5,Savannah,0,0,0,0,0,0
301535,Trico Gin and Peanut Inc,Unadilla,GA,GA 30 Day,ER5,Savannah,0,0,0,0,0,0
304495,B.C.T. Gin Company Inc,Moultrie,GA,GA 30 Day,ER5,Savannah,0,0,2.840909091,0,0,0
304500,Doerun Gin Company Warehouse,Doerun,GA,GA 30 Day,ER5,Savannah,0,0,0,0,0,0
304501,Farmers Gin and Peanut Warehouse,Moultrie,GA,GA 30 Day,ER5,Savannah,0,0,0,0,0,0
304552,"Mundy, Inc.",Millen,GA,GA 30 Day,ER5,Savannah,0,0,0,0,0,0
304553,Bostwick Gin Warehouse,Madison,GA,GA 30 Day,ER5,Savannah,0,0,0,0,0,0
306310,Dixon Gin Company,Enigma,GA,GA 30 Day,ER5,Savannah,0,0,0,0,0,0
306316,"South Central GA Warehouse, Inc.",Enigma,GA,GA 30 Day,ER5,Savannah,0,0,0,0,0,0
308005,Norman Park Gin and Warehouse,Norman Park,GA,GA 30 Day,ER5,Savannah,0,0,0,0,0,0
309100,Osceola Cotton Company LLC E 1st st,Ocilla,GA,GA 30 Day,ER5,Savannah,0,0,0,0,0,0
309509,"Irwin County Warehouse, LLC- Omega",Omega,GA,GA 30 Day,ER5,Savannah,0,0,0,0,0,0
310516,Osceola Cotton Warehouse,Ocilla,GA,GA 30 Day,ER5,Savannah,0,0,0,0,0,0
311000,Savannah Distribution Center,Port Wentworth,GA,GA 30 Day,ER5,Savannah,0,0,0,0,0,0
313010,Pinecliff Planters Warehouse,Camilla,GA,GA 30 Day,ER5,Savannah,0,0,0,0,0,0
313023,"The Southern Gin Co, Inc",Pelham,GA,GA 30 Day,ER5,Savannah,0,0,0,0,0,0
313510,Planters Warehouse/Pinehurst,Pinehurst,GA,GA 30 Day,ER5,Savannah,0,0,0,0,0,0
314006,Pinecliff Peanut and Grain Inc,Pelham,GA,GA 30 Day,ER5,Savannah,0,0,0,0,0,0
316751,Supply chain Management-Rincon,Rincon,GA,GA 30 Day,ER5,Savannah,0,0,0,0,0,0
326202,Coffee County Gin co -Statesboro,Statesboro,GA,GA 30 Day,ER5,Savannah,0,0,0,0,0,0
331015,The Peoples Warehouse,Shellman,GA,GA 30 Day,ER5,Savannah,0,0,0,0,0,0
333503,Southern States Coop,Statesboro,GA,GA 30 Day,ER5,Savannah,0,0,0,0,0,0
335533,Tri County Gin Company,Taylorsville,GA,GA 30 Day,ER5,Savannah,0,0,0,0,0,0
337525,"Southeastern Gin, Inc.",Surrency,GA,GA 30 Day,ER5,Savannah,0,0,0,0,0,0
339007,Sconyers Gin and Warehouse,Sycamore,GA,GA 30 Day,ER5,Savannah,0,0,0,0,0,0
339733,Screven Gin Co.,Sylvania,GA,GA 30 Day,ER5,Savannah,0,0,0,0,0,0
340015,"Worth Gin & Whse, Inc",Sylvester,GA,GA 30 Day,ER5,Savannah,0,0,0,0,0,0
340017,Staplcotn/Savannah,Savannah,GA,GA 30 Day,ER5,Savannah,0,0,0,0,0,0
340100,"Irwin County Whse, LLC - Tifton",Tifton,GA,GA 30 Day,ER5,Savannah,0,0,0,0,0,0
345008,"Collins Bonded Warehouse, Inc.",Waynesboro,GA,GA 30 Day,ER5,Savannah,0,0,0,0,0,0
347750,Planters Warehouse-Vienna,Vienna,GA,GA 30 Day,ER5,Savannah,0,0,0,0,0,0
349526,Vienna Cotton Co Inc,Vienna,GA,GA 30 Day,ER5,Savannah,0,0,0,0,0,0
349527,West Bonded Warehouse/Dooly Gin,Vienna,GA,GA 30 Day,ER5,Savannah,0,0,0,0,0,0
349529,WSB Gin and Warehouse,Byromville,GA,GA 30 Day,ER5,Savannah,0,0,0,0,0,0
350503,Farmers Gin and Stg Co,Wadley,GA,GA 30 Day,ER5,Savannah,0,0,0,0,0,0
385000,Plains Cotton Cooperative Association,Liberal,KS,WTX,WTX,Dallas,1,1,0.25,0,0,0
385001,Plains Cotton Cooperative Association,Clearwater,KS,WTX,WTX,Dallas,1,1,0.25,0,0,0
400510,Cotton Storage Inc,Alexandria,LA,Memphis Rule 5,MR5,Houston,0,0,0,0,0,0
406505,Cotton Warehouse of Concordia,Ferriday,LA,Memphis Rule 5,MR5,Houston,0,0,0,0,0,0
410020,Hollybrook Warehouse,Lake Providence,LA,Memphis Rule 5,MR5,Houston,0,0,0,0,0,0
413550,"The Kearney Companies, Inc.",New Orleans,LA,Memphis Rule 5,MR5,Houston,0,0,0,0,0,0
413551,The Kearney Company,New Orleans,LA,Memphis Rule 5,MR5,Houston,0,0,0,0,0,0
416010,Staplcotn/Rayville,Rayville,LA,Memphis Rule 5,MR5,Houston,0,0,0,0,0,0
417205,"Tensas Warehouse, Inc.",St. Joseph,LA,Memphis Rule 5,MR5,Houston,0,0,0,0,0,0
418515,Staplcotn/Tallulah Comp Warehouse,Tallulah,LA,Memphis Rule 5,MR5,Houston,0,0,0,0,0,0
420002,Franklin Cotton Warehouse,Winnsboro,LA,Memphis Rule 5,MR5,Houston,0,0,0,0,0,0
466466,Scruggs Farm Warehouse,Saltillo,MS,Memphis Rule 5,MR5,Memphis,0,0,0,0,0,0
467005,FCW- Belzoni,Belzoni,MS,Memphis Rule 5,MR5,Memphis,0,0,0,0,0,0
470012,North Delta Compress and Warehouse Company,Clarksdale,MS,Memphis Rule 5,MR5,Memphis,0,0,0,0,0,0
476505,FCW- Greenwood #1,Greenwood,MS,Memphis Rule 5,MR5,Memphis,0,0,0,0,0,0
476510,Federal Compress Greenwood #2,Greenwood,MS,Memphis Rule 5,MR5,Memphis,0,0,0,0,0,0
476512,Staplcotn/Rising Sun,Greenwood,MS,Memphis Rule 5,MR5,Memphis,0,0,0,0,0,0
477005,Federal Compress Grenada,Grenada,MS,Memphis Rule 5,MR5,Memphis,0,0,0,0,0,0
480505,Staplcotn/Indianola,Indianola,MS,Memphis Rule 5,MR5,Memphis,0,0,0,0,0,0
481005,Federal Compress Inverness #1,Inverness,MS,Memphis Rule 5,MR5,Memphis,0,0,0,0,0,0
481010,Federal Compress Inverness #2,Inverness,MS,Memphis Rule 5,MR5,Memphis,0,0,0,0,0,0
490150,Anderson Clayton Desoto Warehouse,Olive Branch,MS,Memphis Rule 5,MR5,Memphis,0,0,0,0,0,0
499502,Staplcotn/Tunica,Tunica,MS,Memphis Rule 5,MR5,Memphis,0,0,0,0,0,0
516004,Caruthersville Cotton Warehouse,Caruthersville,MO,Memphis Rule 5,MR5,Memphis,0,0,0,0,0,0
517010,Federal Compress Hayti,Hayti,MO,Memphis Rule 5,MR5,Memphis,0,0,0,0,0,0
517813,Sandy Ridge Cotton Warehouse,Malden,MO,Memphis Rule 5,MR5,Memphis,0,0,0,0,0,0
517814,Bernie Farmers Gin Warehouse,Malden,MO,Memphis Rule 5,MR5,Memphis,0,0,0,0,0,0
518085,Bootheel Cotton Warehouse,New Madrid,MO,Memphis Rule 5,MR5,Memphis,0,0,0,0,0,0
518505,Federal Compress Portageville,Portageville,MO,Memphis Rule 5,MR5,Memphis,0,0,0,0,0,0
518510,Missouri Cotton Warehouse,Portageville,MO,Memphis Rule 5,MR5,Memphis,0,0,0,0,0,0
536304,Deming Bonded Warehouse,Deming,NM,Southwest,WTX,Los Angeles,0,0,0,0,0,0
538013,Plains Cotton Cooperative Association,Lovington,NM,Southwest,WTX,Los Angeles,1,1,0.25,0,0,0
548900,Mesa Farmers Cooperative Inc,Vado,NM,Southwest,WTX,Los Angeles,0,0,0,0,0,0
555225,Rolling Hills Bonded Warehouse,New London,NC,Eastern Rule 5,ER5,Savannah,0,0,0,0,0,0
558070,Pitt County Gin and Cotton Co.,Bethel,NC,Eastern Rule 5,ER5,Savannah,0,0,0,0,0,0
562665,Cotton Growers Warehouses Inc,Chocowinity,NC,Eastern Rule 5,ER5,Savannah,0,0,0,0,0,0
562865,Clarkton Bonded Warehouse,Clarkton,NC,Eastern Rule 5,ER5,Savannah,0,0,0,0,0,0
565545,"Quality Bonded Warehouse, LLC",Dunn,NC,Eastern Rule 5,ER5,Savannah,0,0,0,0,0,0
565803,Elm City Warehouse,Elm City,NC,Eastern Rule 5,ER5,Savannah,0,0,0,0,0,0
565805,Silver Lake Bale Storage 1,Elm City,NC,Eastern Rule 5,ER5,Savannah,0,0,0,0,0,0
565806,Davis Bonded Warehouse,Hobgood,NC,Eastern Rule 5,ER5,Savannah,0,0,0,0,0,0
565807,Staplcotn- Edenton 2-3090,Edenton,NC,Eastern Rule 5,ER5,Savannah,0,0,0,0,0,0
566501,Albemarle Cotton Growers,Edenton,NC,Eastern Rule 5,ER5,Savannah,0,0,0,0,0,0
566505,Edenton Bonded Warehouse,Tyner,NC,Eastern Rule 5,ER5,Savannah,0,0,0,0,0,0
568010,Enfield Bonded Warehouse,Enfield,NC,Eastern Rule 5,ER5,Savannah,0,0,0,0,0,0
568016,Roanoke Tar Cotton Warehouse,Everetts,NC,Eastern Rule 5,ER5,Savannah,0,0,0,0,0,0
568017,Staplcotn Compress Warehouse,Erwin,NC,Eastern Rule 5,ER5,Savannah,0,0,0,0,0,0
570240,Stallings Farms Agribusiness,Herford,NC,Eastern Rule 5,ER5,Savannah,0,0,0,0,0,0
570440,Gaston Cooperative Inc,Garysburg,NC,Eastern Rule 5,ER5,Savannah,0,0,0,0,0,0
570505,P and M - Avon Bonded Warehouse,Gastonia,NC,Eastern Rule 5,ER5,Savannah,0,0,0,0,0,0
570507,Broad Street Bonded Warehouse,Gastonia,NC,Eastern Rule 5,ER5,Savannah,0,0,0,0,0,0
570620,Gates Cotton Gin Warehouse,Gates,NC,Eastern Rule 5,ER5,Savannah,0,0,0,0,0,0
571536,Ward & Nixon Warehouse,Gatesville,NC,Eastern Rule 5,ER5,Savannah,0,0,0,0,0,0
576503,Cotton Growers Warehouses Inc,Jackson,NC,Eastern Rule 5,ER5,Savannah,0,0,0,0,0,0
577277,Jones County Cotton Gin Inc,Trenton,NC,Eastern Rule 5,ER5,Savannah,0,0,0,0,0,0
578010,Harvey Gin and Cotton Company,Kinston,NC,Eastern Rule 5,ER5,Savannah,0,0,0,0,0,0
582003,Cotton Growers Warehouses Inc,Lumberton,NC,Eastern Rule 5,ER5,Savannah,0,0,0,0,0,0
587875,Producers Gin Bonded Warehouse,Murfreesboro,NC,Eastern Rule 5,ER5,Savannah,0,0,0,0,0,0
589209,"Sampson Gin Company, Inc.",Newton Grove,NC,Eastern Rule 5,ER5,Savannah,0,0,0,0,0,0
590610,Coastal Carolina Gin,Pantego,NC,Eastern Rule 5,ER5,Savannah,0,0,0,0,0,0
593005,Hoke Cotton Warehouse and Storage,Raeford,NC,Eastern Rule 5,ER5,Savannah,0,0,0,0,0,0
596010,Rosemary Bonded Warehouse,Roanoke Rapids,NC,Eastern Rule 5,ER5,Savannah,0,0,0,0,0,0
600505,Edwards Bonded Warehouse,Scotland Neck,NC,Eastern Rule 5,ER5,Savannah,0,0,0,0,0,0
601004,Farmers Peanut Bonded Warehouse,Seaboard,NC,Eastern Rule 5,ER5,Savannah,0,0,0,0,0,0
601006,Roanoke Ag Bonded Warehouse,Weldon,NC,Eastern Rule 5,ER5,Savannah,0,0,0,0,0,0
602005,Royster PandM Warehouse,Shelby,NC,Eastern Rule 5,ER5,Savannah,0,0,0,0,0,0
605515,Edgecombe Bond Warehouse,Tarboro,NC,Eastern Rule 5,ER5,Savannah,0,0,0,0,0,0
607540,Roanoke Tar Cotton Warehouse-2-3083,Everetts,NC,Eastern Rule 5,ER5,Savannah,0,0,0,0,0,0
607541,Paxton Bonded Storage Firestone,Wilson,NC,Eastern Rule 5,ER5,Savannah,0,0,0,0,0,0
611030,Paxton Bonded Warehouse,Wilson,NC,Eastern Rule 5,ER5,Savannah,0,0,0,0,0,0
631020,Plains Cotton Cooperative Association,Altus,OK,WTX,WTX,Dallas,1,1,0.25,0,0,0
676592,General Warehouse and Storage Co,Bennettsville,SC,Eastern Rule 5,ER5,Savannah,0,0,0,0,0,0
677503,Cotton Growers Warehouse Inc,Bishopville,SC,Eastern Rule 5,ER5,Savannah,0,0,0,0,0,0
682505,Cameron Cotton and Seed Co,Cameron,SC,Eastern Rule 5,ER5,Savannah,0,0,0,0,0,0
689560,McInnis Bonded Warehouse,Clio,SC,Eastern Rule 5,ER5,Savannah,0,0,0,0,0,0
702530,"Elloree Gin Company, Inc.",Elloree,SC,Eastern Rule 5,ER5,Savannah,0,0,0,0,0,0
710530,Staple Cotton Cooperative Association,Greer,SC,Eastern Rule 5,ER5,Savannah,0,0,0,0,0,0
712575,"Humphrey Coker Seed Co., Inc",Hartsville,SC,Eastern Rule 5,ER5,Savannah,0,0,0,0,0,0
720600,Humphrey Coker Seed Co-lake City Whse,Lake City,SC,Eastern Rule 5,ER5,Savannah,0,0,0,0,0,0
729020,United Bonded Warehouse,Manning,SC,Eastern Rule 5,ER5,Savannah,0,0,0,0,0,0
731205,Minturn Bnd Cotton Warehouse,Dillion,SC,Eastern Rule 5,ER5,Savannah,0,0,0,0,0,0
735030,Culler Holstein Gin,North,SC,Eastern Rule 5,ER5,Savannah,0,0,0,0,0,0
754585,"Middling Cotton Co., Inc.",St. Matthews,SC,Eastern Rule 5,ER5,Savannah,0,0,0,0,0,0
787010,Hughes Warehouse,Brownsville,TN,Memphis Rule 5,MR5,Memphis,0,0,0,0,0,0
787097,Two Way Warehouse,Brownsville,TN,Memphis Rule 5,MR5,Memphis,0,0,0,0,0,0
788008,Kelcot Warehouses LLC,Covington,TN,Memphis Rule 5,MR5,Memphis,0,0,0,0,0,0
788020,Green Point Ag- was Tn Gin,Covington,TN,Memphis Rule 5,MR5,Memphis,0,0,0,0,0,0
789505,Elora Gin Warehouse,Elora,TN,Memphis Rule 5,MR5,Memphis,0,0,0,0,0,0
790990,Halls Gin Co Inc,Halls,TN,Memphis Rule 5,MR5,Memphis,0,0,0,0,0,0
791730,Humboldt Cotton Warehouse,Humboldt,TN,Memphis Rule 5,MR5,Memphis,0,0,0,0,0,0
792025,West Tennessee Warehouse,Jackson,TN,Memphis Rule 5,MR5,Memphis,0,0,0,0,0,0
793960,Mallory Cotton Warehouse Division-Memphis,Memphis,TN,Memphis Rule 5,MR5,Memphis,0,0,0,0,0,0
793961,Viterra USA-Cotton#1,Memphis,TN,Memphis Rule 5,MR5,Memphis,0,0,0,0,0,0
793962,Viterra USA LLC Cotton #2,Memphis,TN,Memphis Rule 5,MR5,Memphis,0,0,0,0,0,0
794205,Longtown Warehouse,Mason,TN,Memphis Rule 5,MR5,Memphis,0,0,0,0,0,0
794505,Cotton Trade Warehouse (Cargill Whse-Memphis),Memphis,TN,Memphis Rule 5,MR5,Memphis,0,0,0,0,0,0
794540,Memphis Compress Warehouse,Memphis,TN,Memphis Rule 5,MR5,Memphis,0,0,0,0,0,0
794550,Producers Warehouse #1,Memphis,TN,Memphis Rule 5,MR5,Memphis,0,0,0,0,0,0
794553,Producers Warehouse #3,Memphis,TN,Memphis Rule 5,MR5,Memphis,0,0,0,0,0,0
794555,Producers Warehouse #2,Memphis,TN,Memphis Rule 5,MR5,Memphis,0,0,0,0,0,0
794560,The Distribution Center,Memphis,TN,Memphis Rule 5,MR5,Memphis,0,0,0,0,0,0
794598,River CityWarehouse,Memphis,TN,Memphis Rule 5,MR5,Memphis,0,0,0,0,0,0
795005,Milan Compress Warehouse,Milan,TN,Memphis Rule 5,MR5,Memphis,0,0,0,0,0,0
795007,Total Commodity Warehouse,Memphis,TN,Memphis Rule 5,MR5,Memphis,0,0,0,0,0,0
795026,International Cotton Depots Plant 4,Memphis,TN,Memphis Rule 5,MR5,Memphis,0,0,0,0,0,0
797660,Oak Grove Gin and Warehouse LLC,Somerville,TN,Memphis Rule 5,MR5,Memphis,0,0,0,0,0,0
810001,FCC-High Plains Division Amarillo,Amarillo,TX,WTX,WTX,Dallas,1,1,0.25,0,0,0
810002,Amarillo Cotton Warehouse,Amarillo,TX,WTX,WTX,Dallas,0,0,0,0,0,0
810003,Amarillo Cotton Warehouse,Amarillo,TX,WTX,WTX,Dallas,0,0,0,0,0,0
810535,Amarillo Cotton Warehouse,Amarillo,TX,WTX,WTX,Dallas,0,0,0,0,0,0
810537,"City Gin Cotton Warehouse, LLC",Abernathy,TX,WTX,WTX,Dallas,0,0,0,0,0,0
810538,Amarillo Cotton Warehouse,Amarillo,TX,WTX,WTX,Dallas,0,0,0,0,0,0
819202,Cargill Cotton Baytown,Baytown,TX,STEX,STX,Houston,0,0,0,0,0,0
820010,Ballinger Cotton Warehouse Co.,Ballinger,TX,WTX,WTX,Dallas,0,0,0,0,0,0
828031,Brownfield Compress,Brownfield,TX,WTX,WTX,Dallas,0,0,0,0,0,0
829535,Taylor Compress #2 Bryan,Bryan,TX,STEX,STX,Houston,0,0,0,0,0,0
829537,Plains Cotton Cooperative Assoc,Big Spring,TX,WTX,WTX,Dallas,1,1,0.25,0,0,0
840509,Gulf Compress - Sweetwater,Sweetwater,TX,WTX,WTX,Dallas,1,1,0,0,0,0
840510,Gulf Compress Unit #4,Portland,TX,STEX,STX,Houston,1,1,0,0,0,0
840512,Gulf Compress #1,Corpus Christi,TX,STEX,STX,Houston,1,1,0,0,0,0
840513,Gulf Compress #2,Corpus Christi,TX,STEX,STX,Houston,1,1,0,0,0,0
840516,Gulf Compress #10,Taylor,TX,STEX,STX,Houston,1,1,0,0,0,0
843000,"Suncot Warehouse, LLC",Denver City,TX,WTX,WTX,Dallas,0,0,0,0,0,0
843002,East Centre Park Cotton Warehouse,Desoto,TX,WTX,WTX,Dallas,0,0,0,0,0,0
846847,Olam dba Anderson Clayton - Dallas TX Warehouse #1,Dallas,TX,WTX,WTX,Dallas,0,0,0,0,0,0
848548,"United Agricultural Cooperative, Inc. Cotton Warehouse",El Campo,TX,STEX,STX,Houston,0,0,0,0,0,0
853007,Ft Worth Commodity Warehouse,Ft Worth,TX,WTX,WTX,Dallas,0,0,0,0,0,0
858053,Moody Compress and Warehouse #1,Galveston,TX,STEX,STX,Houston,0,0,0,0,0,0
858054,Moody Compress and Warehouse #2,Galveston,TX,STEX,STX,Houston,0,0,0,0,0,0
858055,Moody Compress and Warehouse #3,Galveston,TX,STEX,STX,Houston,0,0,0,0,0,0
858056,Moody Compress and Warehouse #4,Galveston,TX,STEX,STX,Houston,0,0,0,0,0,0
858063,Moody Compress and Warehouse #6,Houston,TX,STEX,STX,Houston,0,0,0,0,0,0
858065,Southern Comp and Warehouse Co.,Galveston,TX,STEX,STX,Houston,0,0,0,0,0,0
858078,Glasscock County Co-Op Cotton Warehouses,Garden City,TX,WTX,WTX,Dallas,0,0,0,0,0,0
866503,Harlingen Compress Company,Harlingen,TX,STEX,STX,Houston,0,0,0,0,0,0
866505,Valley Compress Company,Harlingen,TX,STEX,STX,Houston,0,0,0,0,0,0
867017,Haskell Cotton Warehouse,Stamford,TX,WTX,WTX,Dallas,0,0,0,0,0,0
871048,Houston Commodity Warehouse,Houston,TX,STEX,STX,Houston,0,0,0,0,0,0
871049,Houston Commodity Warehouse #2,Houston,TX,STEX,STX,Houston,0,0,0,0,0,0
875260,Supply Chain Management- Desoto,Desoto,TX,WTX,WTX,Dallas,0,0,0,0,0,0
880533,Lamesa Warehouse,Lamesa,TX,WTX,WTX,Dallas,0,0,0,0,0,0
882008,FCC-Levelland Plant,Levelland,TX,WTX,WTX,Dallas,1,0,0,0,0,0
884033,HCC-Lockney Warehouse,Lockney,TX,WTX,WTX,Dallas,0,0,0,0,0,0
886506,Farmers Cooperative Compress,Lubbock,TX,WTX,WTX,Dallas,1,1,0.25,0,0,0
886509,Farmers Compress Coop #2,Lubbock,TX,WTX,WTX,Dallas,1,1,0.25,0,0,0
886512,Farmers Coop Compress #3,Lubbock,TX,WTX,WTX,Dallas,1,1,0.25,0,0,0
886517,Farmers Coop Compress #4,Lubbock,TX,WTX,WTX,Dallas,1,1,0.25,0,0,0
886520,Farmers Coop Compress #5,Lubbock,TX,WTX,WTX,Dallas,1,1,0.25,0,0,0
886533,Lubbock Compress,Lubbock,TX,WTX,WTX,Dallas,0,0,0,0,0,0
886570,"Lov-Cot Warehouse, L.P.",Lubbock,TX,WTX,WTX,Dallas,0,0,0,0,0,0
886623,Mallory Alexander International Logistics-Laredo,Laredo,TX,STEX,STX,Houston,0,0,0,0,0,0
898030,CIL- Prev-Colimar Inc,Weslaco,TX,STEX,STX,Houston,0,0,0,0,0,0
904033,O'Donnell Warehouse,O'donnell,TX,WTX,WTX,Dallas,0,0,0,0,0,0
906015,Panhandle Compress Co.,Paducah,TX,WTX,WTX,Dallas,0,0,0,0,0,0
911510,Panhandle Compress,Plainview,TX,WTX,WTX,Dallas,0,0,0,0,0,0
911520,Plainview Cooperative Compress #7,Plainview,TX,WTX,WTX,Dallas,0,0,0,0,0,0
911525,Plainview Cooperative Compress #6,Plainview,TX,WTX,WTX,Dallas,0,0,0,0,0,0
911533,HCC-Plainview,Plainview,TX,WTX,WTX,Dallas,0,0,0,0,0,0
913030,Panhandle Compress,Post,TX,WTX,WTX,Dallas,0,0,0,0,0,0
913054,Supply Chain Management LLC.,Pasadena,TX,STEX,STX,Houston,0,0,0,0,0,0
913055,Amarillo Cotton Warehouse Tulia,Tulia,TX,WTX,WTX,Dallas,0,0,0,0,0,0
914510,Panhandle Comp Quanah,Quanah,TX,WTX,WTX,Dallas,0,0,0,0,0,0
916501,Ralls Compress and Warehouse,Ralls,TX,WTX,WTX,Dallas,0,0,0,0,0,0
916710,Gulf Compress #5,Raymondville,TX,STEX,STX,Houston,1,1,0,0,0,0
916711,Gulf Compress #6,Raymondville,TX,STEX,STX,Houston,1,1,0,0,0,0
916712,Gulf Compress (North Plant#7),Raymondville,TX,STEX,STX,Houston,1,1,0,0,0,0
925011,"Dallas Warehouse Company, LLC",Grand Prairie,TX,WTX,WTX,Dallas,0,0,0,0,0,0
925012,Plains Cotton Cooperative Association,Rule,TX,WTX,WTX,Dallas,1,1,0.25,0,0,0
925013,CIL Warehouse,Willacy County,TX,STEX,STX,Houston,0,0,0,0,0,0
926005,Ballinger Cotton Warehouse Co.,San Angelo,TX,STEX,STX,Houston,0,0,0,0,0,0
928532,Seagraves Compress,Seagraves,TX,WTX,WTX,Dallas,0,0,0,0,0,0
928715,Willacy Cotton Warehouse,Sebastian,TX,STEX,STX,Houston,0,0,0,0,0,0
935002,Stanton Compress and Warehouse,Stanton,TX,WTX,WTX,Dallas,0,0,0,0,0,0
936006,FCC-Sudan,Sudan,TX,WTX,WTX,Dallas,1,0,0,0,0,0
937530,Plains Cotton Cooperative Association,Sweetwater,TX,WTX,WTX,Dallas,1,1,0.25,0,0,0
937534,Ballinger Cotton Warehouse Co. - Plant 3,Snyder,TX,WTX,WTX,Dallas,0,0,0,0,0,0
937535,Oasis Warehouse LLC,Seminole,TX,WTX,WTX,Dallas,0,0,0,0,0,0
939033,Tahoka Warehouse,Tahoka,TX,WTX,WTX,Dallas,0,0,0,0,0,0
940015,Taylor Compress,Taylor,TX,STEX,STX,Houston,0,0,0,0,0,0
940025,Taylor Compress Plant #3,Taylor,TX,STEX,STX,Houston,0,0,0,0,0,0
944344,Valley Gin Company,Tornillo,TX,WTX,WTX,Dallas,0,0,0,0,0,0
944708,Tulia Cotton Warehouse,Tulia,TX,WTX,WTX,Dallas,0,0,0,0,0,0
947505,Vernon Compress Company,Vernon,TX,WTX,WTX,Dallas,0,0,0,0,0,0
976503,Hawkins Bonded Warehouse,Emporia,VA,Eastern Rule 5,ER5,Savannah,0,0,0,0,0,0
976505,Mid-Atlantic Warehouse and Gin,Emporia,VA,Eastern Rule 5,ER5,Savannah,0,0,0,0,0,0
985505,Suffolk Cotton Gin Warehouse,Suffolk,VA,Eastern Rule 5,ER5,Savannah,0,0,0,0,0,0
998008,Commonwealth Cotton Warehouse,Windsor,VA,Eastern Rule 5,ER5,Savannah,0,0,0,0,0,0
